round,variant,library,N,sample,iterations,elapsed_ns
0,baseline,openssl,1024,0,8.0,17853361.0
0,baseline,openssl,1024,1,16.0,37141161.0
0,baseline,openssl,1024,2,24.0,56787671.0
0,baseline,openssl,1024,3,32.0,74766607.0
0,baseline,openssl,1024,4,40.0,91529366.0
0,baseline,openssl,1024,5,48.0,114396714.0
0,baseline,openssl,1024,6,56.0,129486603.0
0,baseline,openssl,1024,7,64.0,148873289.0
0,baseline,openssl,1024,8,72.0,162478284.0
0,baseline,openssl,1024,9,80.0,182381253.0
0,baseline,openssl,16384,0,3.0,110192470.0
0,baseline,openssl,16384,1,3.0,113549307.0
0,baseline,openssl,16384,2,3.0,113141365.0
0,baseline,openssl,16384,3,3.0,112768154.0
0,baseline,openssl,16384,4,3.0,110338836.0
0,baseline,openssl,16384,5,3.0,109690109.0
0,baseline,openssl,16384,6,3.0,133216192.0
0,baseline,openssl,16384,7,3.0,127142428.0
0,baseline,openssl,16384,8,3.0,123046200.0
0,baseline,openssl,16384,9,3.0,127666142.0
0,baseline,verified-garbage,1024,0,9.0,19575625.0
0,baseline,verified-garbage,1024,1,18.0,38124733.0
0,baseline,verified-garbage,1024,2,27.0,60296093.0
0,baseline,verified-garbage,1024,3,36.0,78744513.0
0,baseline,verified-garbage,1024,4,45.0,94580593.0
0,baseline,verified-garbage,1024,5,54.0,115791725.0
0,baseline,verified-garbage,1024,6,63.0,136087633.0
0,baseline,verified-garbage,1024,7,72.0,160893194.0
0,baseline,verified-garbage,1024,8,81.0,190731266.0
0,baseline,verified-garbage,1024,9,90.0,198028115.0
0,baseline,verified-garbage,16384,0,3.0,116691747.0
0,baseline,verified-garbage,16384,1,3.0,117876246.0
0,baseline,verified-garbage,16384,2,3.0,114081563.0
0,baseline,verified-garbage,16384,3,3.0,113137098.0
0,baseline,verified-garbage,16384,4,3.0,115359489.0
0,baseline,verified-garbage,16384,5,3.0,115924324.0
0,baseline,verified-garbage,16384,6,3.0,114425130.0
0,baseline,verified-garbage,16384,7,3.0,121804947.0
0,baseline,verified-garbage,16384,8,3.0,113789802.0
0,baseline,verified-garbage,16384,9,3.0,111634649.0
0,inline,openssl,1024,0,8.0,18207164.0
0,inline,openssl,1024,1,16.0,36965722.0
0,inline,openssl,1024,2,24.0,55528832.0
0,inline,openssl,1024,3,32.0,72556324.0
0,inline,openssl,1024,4,40.0,90718712.0
0,inline,openssl,1024,5,48.0,110319935.0
0,inline,openssl,1024,6,56.0,128413612.0
0,inline,openssl,1024,7,64.0,145039662.0
0,inline,openssl,1024,8,72.0,170709665.0
0,inline,openssl,1024,9,80.0,178218247.0
0,inline,openssl,16384,0,3.0,129163469.0
0,inline,openssl,16384,1,3.0,129065344.0
0,inline,openssl,16384,2,3.0,122468623.0
0,inline,openssl,16384,3,3.0,123957622.0
0,inline,openssl,16384,4,3.0,124521134.0
0,inline,openssl,16384,5,3.0,125924726.0
0,inline,openssl,16384,6,3.0,118404483.0
0,inline,openssl,16384,7,3.0,124651487.0
0,inline,openssl,16384,8,3.0,124073924.0
0,inline,openssl,16384,9,3.0,123534826.0
0,inline,verified-garbage,1024,0,10.0,19076448.0
0,inline,verified-garbage,1024,1,20.0,39676685.0
0,inline,verified-garbage,1024,2,30.0,57478662.0
0,inline,verified-garbage,1024,3,40.0,75738062.0
0,inline,verified-garbage,1024,4,50.0,94528739.0
0,inline,verified-garbage,1024,5,60.0,112140413.0
0,inline,verified-garbage,1024,6,70.0,132262455.0
0,inline,verified-garbage,1024,7,80.0,151742819.0
0,inline,verified-garbage,1024,8,90.0,170338016.0
0,inline,verified-garbage,1024,9,100.0,190137621.0
0,inline,verified-garbage,16384,0,1.0,36114626.0
0,inline,verified-garbage,16384,1,2.0,68851634.0
0,inline,verified-garbage,16384,2,3.0,106974326.0
0,inline,verified-garbage,16384,3,4.0,139140381.0
0,inline,verified-garbage,16384,4,5.0,170297426.0
0,inline,verified-garbage,16384,5,6.0,206502305.0
0,inline,verified-garbage,16384,6,7.0,244309009.0
0,inline,verified-garbage,16384,7,8.0,276830370.0
0,inline,verified-garbage,16384,8,9.0,300403537.0
0,inline,verified-garbage,16384,9,10.0,341357208.0
0,mul,openssl,1024,0,9.0,18996296.0
0,mul,openssl,1024,1,18.0,40354104.0
0,mul,openssl,1024,2,27.0,57634584.0
0,mul,openssl,1024,3,36.0,77425045.0
0,mul,openssl,1024,4,45.0,96427370.0
0,mul,openssl,1024,5,54.0,115008132.0
0,mul,openssl,1024,6,63.0,138088816.0
0,mul,openssl,1024,7,72.0,154042224.0
0,mul,openssl,1024,8,81.0,185675810.0
0,mul,openssl,1024,9,90.0,207649726.0
0,mul,openssl,16384,0,3.0,107341180.0
0,mul,openssl,16384,1,3.0,106345851.0
0,mul,openssl,16384,2,3.0,108651525.0
0,mul,openssl,16384,3,3.0,110236647.0
0,mul,openssl,16384,4,3.0,108901064.0
0,mul,openssl,16384,5,3.0,109603811.0
0,mul,openssl,16384,6,3.0,108350121.0
0,mul,openssl,16384,7,3.0,109907130.0
0,mul,openssl,16384,8,3.0,108308650.0
0,mul,openssl,16384,9,3.0,110097791.0
0,mul,verified-garbage,1024,0,9.0,16859598.0
0,mul,verified-garbage,1024,1,18.0,35360383.0
0,mul,verified-garbage,1024,2,27.0,50984645.0
0,mul,verified-garbage,1024,3,36.0,67539082.0
0,mul,verified-garbage,1024,4,45.0,105479258.0
0,mul,verified-garbage,1024,5,54.0,100577043.0
0,mul,verified-garbage,1024,6,63.0,117974116.0
0,mul,verified-garbage,1024,7,72.0,142117130.0
0,mul,verified-garbage,1024,8,81.0,153987920.0
0,mul,verified-garbage,1024,9,90.0,177551581.0
0,mul,verified-garbage,16384,0,1.0,33807367.0
0,mul,verified-garbage,16384,1,2.0,65983734.0
0,mul,verified-garbage,16384,2,3.0,100248998.0
0,mul,verified-garbage,16384,3,4.0,133992411.0
0,mul,verified-garbage,16384,4,5.0,165620677.0
0,mul,verified-garbage,16384,5,6.0,203158373.0
0,mul,verified-garbage,16384,6,7.0,234496897.0
0,mul,verified-garbage,16384,7,8.0,263804316.0
0,mul,verified-garbage,16384,8,9.0,302044308.0
0,mul,verified-garbage,16384,9,10.0,320849067.0
0,schedule,openssl,1024,0,9.0,23499407.0
0,schedule,openssl,1024,1,18.0,40435712.0
0,schedule,openssl,1024,2,27.0,58936359.0
0,schedule,openssl,1024,3,36.0,76635593.0
0,schedule,openssl,1024,4,45.0,95492013.0
0,schedule,openssl,1024,5,54.0,148140256.0
0,schedule,openssl,1024,6,63.0,142580105.0
0,schedule,openssl,1024,7,72.0,186903843.0
0,schedule,openssl,1024,8,81.0,192120915.0
0,schedule,openssl,1024,9,90.0,244627156.0
0,schedule,openssl,16384,0,3.0,122787415.0
0,schedule,openssl,16384,1,3.0,129039397.0
0,schedule,openssl,16384,2,3.0,122085359.0
0,schedule,openssl,16384,3,3.0,121876340.0
0,schedule,openssl,16384,4,3.0,128950405.0
0,schedule,openssl,16384,5,3.0,124642004.0
0,schedule,openssl,16384,6,3.0,123806871.0
0,schedule,openssl,16384,7,3.0,121705958.0
0,schedule,openssl,16384,8,3.0,119672626.0
0,schedule,openssl,16384,9,3.0,118556719.0
0,schedule,verified-garbage,1024,0,9.0,17815284.0
0,schedule,verified-garbage,1024,1,18.0,35722294.0
0,schedule,verified-garbage,1024,2,27.0,52362534.0
0,schedule,verified-garbage,1024,3,36.0,70623706.0
0,schedule,verified-garbage,1024,4,45.0,88718933.0
0,schedule,verified-garbage,1024,5,54.0,106066997.0
0,schedule,verified-garbage,1024,6,63.0,130580992.0
0,schedule,verified-garbage,1024,7,72.0,144172780.0
0,schedule,verified-garbage,1024,8,81.0,180740156.0
0,schedule,verified-garbage,1024,9,90.0,175990469.0
0,schedule,verified-garbage,16384,0,3.0,126320481.0
0,schedule,verified-garbage,16384,1,3.0,121184198.0
0,schedule,verified-garbage,16384,2,3.0,127103558.0
0,schedule,verified-garbage,16384,3,3.0,127056398.0
0,schedule,verified-garbage,16384,4,3.0,117603215.0
0,schedule,verified-garbage,16384,5,3.0,110423650.0
0,schedule,verified-garbage,16384,6,3.0,112433918.0
0,schedule,verified-garbage,16384,7,3.0,109157861.0
0,schedule,verified-garbage,16384,8,3.0,106939996.0
0,schedule,verified-garbage,16384,9,3.0,112765518.0
1,baseline,openssl,1024,0,9.0,19009249.0
1,baseline,openssl,1024,1,18.0,38314656.0
1,baseline,openssl,1024,2,27.0,57202876.0
1,baseline,openssl,1024,3,36.0,76903828.0
1,baseline,openssl,1024,4,45.0,95284689.0
1,baseline,openssl,1024,5,54.0,114758544.0
1,baseline,openssl,1024,6,63.0,134293099.0
1,baseline,openssl,1024,7,72.0,155483900.0
1,baseline,openssl,1024,8,81.0,173844933.0
1,baseline,openssl,1024,9,90.0,191810511.0
1,baseline,openssl,16384,0,3.0,111977447.0
1,baseline,openssl,16384,1,3.0,115861793.0
1,baseline,openssl,16384,2,3.0,114065451.0
1,baseline,openssl,16384,3,3.0,111316462.0
1,baseline,openssl,16384,4,3.0,113306545.0
1,baseline,openssl,16384,5,3.0,114800066.0
1,baseline,openssl,16384,6,3.0,110476161.0
1,baseline,openssl,16384,7,3.0,120454135.0
1,baseline,openssl,16384,8,3.0,114548515.0
1,baseline,openssl,16384,9,3.0,116977911.0
1,baseline,verified-garbage,1024,0,9.0,18634195.0
1,baseline,verified-garbage,1024,1,18.0,38249370.0
1,baseline,verified-garbage,1024,2,27.0,60975737.0
1,baseline,verified-garbage,1024,3,36.0,75537460.0
1,baseline,verified-garbage,1024,4,45.0,94258934.0
1,baseline,verified-garbage,1024,5,54.0,119754401.0
1,baseline,verified-garbage,1024,6,63.0,131987976.0
1,baseline,verified-garbage,1024,7,72.0,152050170.0
1,baseline,verified-garbage,1024,8,81.0,170279688.0
1,baseline,verified-garbage,1024,9,90.0,191690092.0
1,baseline,verified-garbage,16384,0,3.0,115091065.0
1,baseline,verified-garbage,16384,1,3.0,115544334.0
1,baseline,verified-garbage,16384,2,3.0,116711347.0
1,baseline,verified-garbage,16384,3,3.0,108069257.0
1,baseline,verified-garbage,16384,4,3.0,112218193.0
1,baseline,verified-garbage,16384,5,3.0,116347050.0
1,baseline,verified-garbage,16384,6,3.0,111970408.0
1,baseline,verified-garbage,16384,7,3.0,118779812.0
1,baseline,verified-garbage,16384,8,3.0,110079715.0
1,baseline,verified-garbage,16384,9,3.0,113125913.0
1,inline,openssl,1024,0,8.0,20335587.0
1,inline,openssl,1024,1,16.0,36748211.0
1,inline,openssl,1024,2,24.0,55179416.0
1,inline,openssl,1024,3,32.0,75077897.0
1,inline,openssl,1024,4,40.0,96584522.0
1,inline,openssl,1024,5,48.0,116300641.0
1,inline,openssl,1024,6,56.0,141771524.0
1,inline,openssl,1024,7,64.0,147828918.0
1,inline,openssl,1024,8,72.0,168928794.0
1,inline,openssl,1024,9,80.0,204337837.0
1,inline,openssl,16384,0,3.0,128996987.0
1,inline,openssl,16384,1,3.0,134657350.0
1,inline,openssl,16384,2,3.0,132679269.0
1,inline,openssl,16384,3,3.0,126814369.0
1,inline,openssl,16384,4,3.0,124100001.0
1,inline,openssl,16384,5,3.0,135087715.0
1,inline,openssl,16384,6,3.0,135335311.0
1,inline,openssl,16384,7,3.0,126581285.0
1,inline,openssl,16384,8,3.0,133985568.0
1,inline,openssl,16384,9,3.0,120040126.0
1,inline,verified-garbage,1024,0,8.0,17297461.0
1,inline,verified-garbage,1024,1,16.0,31309490.0
1,inline,verified-garbage,1024,2,24.0,50147897.0
1,inline,verified-garbage,1024,3,32.0,72309860.0
1,inline,verified-garbage,1024,4,40.0,90086919.0
1,inline,verified-garbage,1024,5,48.0,98485420.0
1,inline,verified-garbage,1024,6,56.0,121100252.0
1,inline,verified-garbage,1024,7,64.0,140746490.0
1,inline,verified-garbage,1024,8,72.0,157693874.0
1,inline,verified-garbage,1024,9,80.0,167480575.0
1,inline,verified-garbage,16384,0,3.0,121677639.0
1,inline,verified-garbage,16384,1,3.0,117125844.0
1,inline,verified-garbage,16384,2,3.0,117285138.0
1,inline,verified-garbage,16384,3,3.0,105815684.0
1,inline,verified-garbage,16384,4,3.0,109470900.0
1,inline,verified-garbage,16384,5,3.0,103225469.0
1,inline,verified-garbage,16384,6,3.0,111731448.0
1,inline,verified-garbage,16384,7,3.0,111671930.0
1,inline,verified-garbage,16384,8,3.0,101998277.0
1,inline,verified-garbage,16384,9,3.0,107544737.0
1,mul,openssl,1024,0,8.0,19800807.0
1,mul,openssl,1024,1,16.0,40415872.0
1,mul,openssl,1024,2,24.0,58448042.0
1,mul,openssl,1024,3,32.0,79027148.0
1,mul,openssl,1024,4,40.0,98349740.0
1,mul,openssl,1024,5,48.0,115902657.0
1,mul,openssl,1024,6,56.0,130268019.0
1,mul,openssl,1024,7,64.0,153894596.0
1,mul,openssl,1024,8,72.0,165646428.0
1,mul,openssl,1024,9,80.0,198174618.0
1,mul,openssl,16384,0,3.0,139467847.0
1,mul,openssl,16384,1,3.0,124970646.0
1,mul,openssl,16384,2,3.0,122025892.0
1,mul,openssl,16384,3,3.0,122343519.0
1,mul,openssl,16384,4,3.0,173159888.0
1,mul,openssl,16384,5,3.0,121112752.0
1,mul,openssl,16384,6,3.0,122400735.0
1,mul,openssl,16384,7,3.0,116562481.0
1,mul,openssl,16384,8,3.0,127484876.0
1,mul,openssl,16384,9,3.0,119896650.0
1,mul,verified-garbage,1024,0,9.0,18900678.0
1,mul,verified-garbage,1024,1,18.0,37565488.0
1,mul,verified-garbage,1024,2,27.0,54577107.0
1,mul,verified-garbage,1024,3,36.0,74410712.0
1,mul,verified-garbage,1024,4,45.0,94865005.0
1,mul,verified-garbage,1024,5,54.0,118244245.0
1,mul,verified-garbage,1024,6,63.0,130073712.0
1,mul,verified-garbage,1024,7,72.0,144612960.0
1,mul,verified-garbage,1024,8,81.0,168634880.0
1,mul,verified-garbage,1024,9,90.0,187538943.0
1,mul,verified-garbage,16384,0,1.0,36750835.0
1,mul,verified-garbage,16384,1,2.0,73499307.0
1,mul,verified-garbage,16384,2,3.0,109552842.0
1,mul,verified-garbage,16384,3,4.0,162021365.0
1,mul,verified-garbage,16384,4,5.0,181920432.0
1,mul,verified-garbage,16384,5,6.0,215820123.0
1,mul,verified-garbage,16384,6,7.0,276393744.0
1,mul,verified-garbage,16384,7,8.0,279540625.0
1,mul,verified-garbage,16384,8,9.0,319561432.0
1,mul,verified-garbage,16384,9,10.0,362188251.0
1,schedule,openssl,1024,0,9.0,20963173.0
1,schedule,openssl,1024,1,18.0,40379171.0
1,schedule,openssl,1024,2,27.0,60573058.0
1,schedule,openssl,1024,3,36.0,78304779.0
1,schedule,openssl,1024,4,45.0,105046494.0
1,schedule,openssl,1024,5,54.0,118978956.0
1,schedule,openssl,1024,6,63.0,160897279.0
1,schedule,openssl,1024,7,72.0,181499319.0
1,schedule,openssl,1024,8,81.0,186049367.0
1,schedule,openssl,1024,9,90.0,197110029.0
1,schedule,openssl,16384,0,3.0,111660470.0
1,schedule,openssl,16384,1,3.0,113454028.0
1,schedule,openssl,16384,2,3.0,110939346.0
1,schedule,openssl,16384,3,3.0,112218574.0
1,schedule,openssl,16384,4,3.0,112338471.0
1,schedule,openssl,16384,5,3.0,113248285.0
1,schedule,openssl,16384,6,3.0,113216427.0
1,schedule,openssl,16384,7,3.0,119730265.0
1,schedule,openssl,16384,8,3.0,112124575.0
1,schedule,openssl,16384,9,3.0,111892092.0
1,schedule,verified-garbage,1024,0,10.0,20696975.0
1,schedule,verified-garbage,1024,1,20.0,39819675.0
1,schedule,verified-garbage,1024,2,30.0,58921194.0
1,schedule,verified-garbage,1024,3,40.0,80211875.0
1,schedule,verified-garbage,1024,4,50.0,109543993.0
1,schedule,verified-garbage,1024,5,60.0,131387840.0
1,schedule,verified-garbage,1024,6,70.0,149160346.0
1,schedule,verified-garbage,1024,7,80.0,193952584.0
1,schedule,verified-garbage,1024,8,90.0,187111191.0
1,schedule,verified-garbage,1024,9,100.0,211883124.0
1,schedule,verified-garbage,16384,0,1.0,33938391.0
1,schedule,verified-garbage,16384,1,2.0,66521060.0
1,schedule,verified-garbage,16384,2,3.0,99943348.0
1,schedule,verified-garbage,16384,3,4.0,133298990.0
1,schedule,verified-garbage,16384,4,5.0,166251024.0
1,schedule,verified-garbage,16384,5,6.0,196679993.0
1,schedule,verified-garbage,16384,6,7.0,232675142.0
1,schedule,verified-garbage,16384,7,8.0,279985997.0
1,schedule,verified-garbage,16384,8,9.0,316450284.0
1,schedule,verified-garbage,16384,9,10.0,351522964.0
2,baseline,openssl,1024,0,8.0,17793765.0
2,baseline,openssl,1024,1,16.0,34817685.0
2,baseline,openssl,1024,2,24.0,52895530.0
2,baseline,openssl,1024,3,32.0,69229950.0
2,baseline,openssl,1024,4,40.0,93147829.0
2,baseline,openssl,1024,5,48.0,130339750.0
2,baseline,openssl,1024,6,56.0,182554985.0
2,baseline,openssl,1024,7,64.0,157114322.0
2,baseline,openssl,1024,8,72.0,176217196.0
2,baseline,openssl,1024,9,80.0,187893517.0
2,baseline,openssl,16384,0,3.0,113155885.0
2,baseline,openssl,16384,1,3.0,111698863.0
2,baseline,openssl,16384,2,3.0,113023339.0
2,baseline,openssl,16384,3,3.0,116214001.0
2,baseline,openssl,16384,4,3.0,111998916.0
2,baseline,openssl,16384,5,3.0,113588653.0
2,baseline,openssl,16384,6,3.0,114341586.0
2,baseline,openssl,16384,7,3.0,112339388.0
2,baseline,openssl,16384,8,3.0,113105741.0
2,baseline,openssl,16384,9,3.0,113985239.0
2,baseline,verified-garbage,1024,0,8.0,17984577.0
2,baseline,verified-garbage,1024,1,16.0,37106214.0
2,baseline,verified-garbage,1024,2,24.0,56465552.0
2,baseline,verified-garbage,1024,3,32.0,74258726.0
2,baseline,verified-garbage,1024,4,40.0,93426842.0
2,baseline,verified-garbage,1024,5,48.0,112441519.0
2,baseline,verified-garbage,1024,6,56.0,136941799.0
2,baseline,verified-garbage,1024,7,64.0,142241835.0
2,baseline,verified-garbage,1024,8,72.0,191643836.0
2,baseline,verified-garbage,1024,9,80.0,194698927.0
2,baseline,verified-garbage,16384,0,3.0,112810254.0
2,baseline,verified-garbage,16384,1,3.0,112816754.0
2,baseline,verified-garbage,16384,2,3.0,156231203.0
2,baseline,verified-garbage,16384,3,3.0,128649654.0
2,baseline,verified-garbage,16384,4,3.0,126401003.0
2,baseline,verified-garbage,16384,5,3.0,123613547.0
2,baseline,verified-garbage,16384,6,3.0,118598121.0
2,baseline,verified-garbage,16384,7,3.0,114497506.0
2,baseline,verified-garbage,16384,8,3.0,152042724.0
2,baseline,verified-garbage,16384,9,3.0,127244318.0
2,inline,openssl,1024,0,8.0,17257203.0
2,inline,openssl,1024,1,16.0,36491915.0
2,inline,openssl,1024,2,24.0,53077947.0
2,inline,openssl,1024,3,32.0,71709259.0
2,inline,openssl,1024,4,40.0,87753260.0
2,inline,openssl,1024,5,48.0,109437419.0
2,inline,openssl,1024,6,56.0,129963719.0
2,inline,openssl,1024,7,64.0,146550131.0
2,inline,openssl,1024,8,72.0,166600634.0
2,inline,openssl,1024,9,80.0,176955970.0
2,inline,openssl,16384,0,3.0,118787606.0
2,inline,openssl,16384,1,3.0,119631252.0
2,inline,openssl,16384,2,3.0,121974261.0
2,inline,openssl,16384,3,3.0,114176347.0
2,inline,openssl,16384,4,3.0,111815831.0
2,inline,openssl,16384,5,3.0,114676095.0
2,inline,openssl,16384,6,3.0,116678232.0
2,inline,openssl,16384,7,3.0,115524328.0
2,inline,openssl,16384,8,3.0,112757331.0
2,inline,openssl,16384,9,3.0,115257924.0
2,inline,verified-garbage,1024,0,10.0,19741912.0
2,inline,verified-garbage,1024,1,20.0,42815753.0
2,inline,verified-garbage,1024,2,30.0,66630859.0
2,inline,verified-garbage,1024,3,40.0,83885218.0
2,inline,verified-garbage,1024,4,50.0,103083617.0
2,inline,verified-garbage,1024,5,60.0,127235620.0
2,inline,verified-garbage,1024,6,70.0,146170010.0
2,inline,verified-garbage,1024,7,80.0,165556447.0
2,inline,verified-garbage,1024,8,90.0,182815852.0
2,inline,verified-garbage,1024,9,100.0,203152281.0
2,inline,verified-garbage,16384,0,1.0,34849831.0
2,inline,verified-garbage,16384,1,2.0,67340557.0
2,inline,verified-garbage,16384,2,3.0,108799728.0
2,inline,verified-garbage,16384,3,4.0,136864309.0
2,inline,verified-garbage,16384,4,5.0,174270013.0
2,inline,verified-garbage,16384,5,6.0,207278034.0
2,inline,verified-garbage,16384,6,7.0,245427958.0
2,inline,verified-garbage,16384,7,8.0,310539954.0
2,inline,verified-garbage,16384,8,9.0,310601605.0
2,inline,verified-garbage,16384,9,10.0,366671470.0
2,mul,openssl,1024,0,9.0,20750432.0
2,mul,openssl,1024,1,18.0,39236019.0
2,mul,openssl,1024,2,27.0,59171147.0
2,mul,openssl,1024,3,36.0,81442164.0
2,mul,openssl,1024,4,45.0,99774916.0
2,mul,openssl,1024,5,54.0,118876003.0
2,mul,openssl,1024,6,63.0,139011415.0
2,mul,openssl,1024,7,72.0,154788754.0
2,mul,openssl,1024,8,81.0,196725971.0
2,mul,openssl,1024,9,90.0,223282407.0
2,mul,openssl,16384,0,3.0,108386753.0
2,mul,openssl,16384,1,3.0,111572027.0
2,mul,openssl,16384,2,3.0,115244179.0
2,mul,openssl,16384,3,3.0,122466103.0
2,mul,openssl,16384,4,3.0,112245792.0
2,mul,openssl,16384,5,3.0,130273007.0
2,mul,openssl,16384,6,3.0,117691784.0
2,mul,openssl,16384,7,3.0,136224651.0
2,mul,openssl,16384,8,3.0,149024722.0
2,mul,openssl,16384,9,3.0,115614766.0
2,mul,verified-garbage,1024,0,10.0,18215449.0
2,mul,verified-garbage,1024,1,20.0,37278629.0
2,mul,verified-garbage,1024,2,30.0,56322951.0
2,mul,verified-garbage,1024,3,40.0,75137965.0
2,mul,verified-garbage,1024,4,50.0,93597814.0
2,mul,verified-garbage,1024,5,60.0,145876895.0
2,mul,verified-garbage,1024,6,70.0,155596331.0
2,mul,verified-garbage,1024,7,80.0,153327055.0
2,mul,verified-garbage,1024,8,90.0,172719732.0
2,mul,verified-garbage,1024,9,100.0,191959853.0
2,mul,verified-garbage,16384,0,1.0,31174754.0
2,mul,verified-garbage,16384,1,2.0,64118092.0
2,mul,verified-garbage,16384,2,3.0,93762337.0
2,mul,verified-garbage,16384,3,4.0,128645409.0
2,mul,verified-garbage,16384,4,5.0,171136369.0
2,mul,verified-garbage,16384,5,6.0,192495234.0
2,mul,verified-garbage,16384,6,7.0,293916992.0
2,mul,verified-garbage,16384,7,8.0,266463412.0
2,mul,verified-garbage,16384,8,9.0,293680753.0
2,mul,verified-garbage,16384,9,10.0,319769899.0
2,schedule,openssl,1024,0,9.0,19379406.0
2,schedule,openssl,1024,1,18.0,37845836.0
2,schedule,openssl,1024,2,27.0,58301442.0
2,schedule,openssl,1024,3,36.0,80740627.0
2,schedule,openssl,1024,4,45.0,97663056.0
2,schedule,openssl,1024,5,54.0,116108623.0
2,schedule,openssl,1024,6,63.0,153043974.0
2,schedule,openssl,1024,7,72.0,155378622.0
2,schedule,openssl,1024,8,81.0,176015516.0
2,schedule,openssl,1024,9,90.0,196665195.0
2,schedule,openssl,16384,0,3.0,112636960.0
2,schedule,openssl,16384,1,3.0,110029469.0
2,schedule,openssl,16384,2,3.0,112451887.0
2,schedule,openssl,16384,3,3.0,109795984.0
2,schedule,openssl,16384,4,3.0,110542076.0
2,schedule,openssl,16384,5,3.0,107724035.0
2,schedule,openssl,16384,6,3.0,110556007.0
2,schedule,openssl,16384,7,3.0,109531805.0
2,schedule,openssl,16384,8,3.0,108633648.0
2,schedule,openssl,16384,9,3.0,108413092.0
2,schedule,verified-garbage,1024,0,10.0,19315312.0
2,schedule,verified-garbage,1024,1,20.0,37352147.0
2,schedule,verified-garbage,1024,2,30.0,60957684.0
2,schedule,verified-garbage,1024,3,40.0,78027640.0
2,schedule,verified-garbage,1024,4,50.0,95204875.0
2,schedule,verified-garbage,1024,5,60.0,115702063.0
2,schedule,verified-garbage,1024,6,70.0,135818439.0
2,schedule,verified-garbage,1024,7,80.0,154547214.0
2,schedule,verified-garbage,1024,8,90.0,171948339.0
2,schedule,verified-garbage,1024,9,100.0,203386584.0
2,schedule,verified-garbage,16384,0,1.0,33504746.0
2,schedule,verified-garbage,16384,1,2.0,64864164.0
2,schedule,verified-garbage,16384,2,3.0,102223143.0
2,schedule,verified-garbage,16384,3,4.0,132787247.0
2,schedule,verified-garbage,16384,4,5.0,177240044.0
2,schedule,verified-garbage,16384,5,6.0,200670581.0
2,schedule,verified-garbage,16384,6,7.0,237872729.0
2,schedule,verified-garbage,16384,7,8.0,261957081.0
2,schedule,verified-garbage,16384,8,9.0,299341308.0
2,schedule,verified-garbage,16384,9,10.0,331462527.0
3,baseline,openssl,1024,0,8.0,17947445.0
3,baseline,openssl,1024,1,16.0,35237769.0
3,baseline,openssl,1024,2,24.0,57959728.0
3,baseline,openssl,1024,3,32.0,83302490.0
3,baseline,openssl,1024,4,40.0,93826451.0
3,baseline,openssl,1024,5,48.0,111724432.0
3,baseline,openssl,1024,6,56.0,127168700.0
3,baseline,openssl,1024,7,64.0,142598005.0
3,baseline,openssl,1024,8,72.0,164959168.0
3,baseline,openssl,1024,9,80.0,187574345.0
3,baseline,openssl,16384,0,3.0,114188152.0
3,baseline,openssl,16384,1,3.0,114410089.0
3,baseline,openssl,16384,2,3.0,110225419.0
3,baseline,openssl,16384,3,3.0,115816660.0
3,baseline,openssl,16384,4,3.0,109671952.0
3,baseline,openssl,16384,5,3.0,109093648.0
3,baseline,openssl,16384,6,3.0,108413133.0
3,baseline,openssl,16384,7,3.0,110295162.0
3,baseline,openssl,16384,8,3.0,112417957.0
3,baseline,openssl,16384,9,3.0,109243328.0
3,baseline,verified-garbage,1024,0,9.0,19374191.0
3,baseline,verified-garbage,1024,1,18.0,41205081.0
3,baseline,verified-garbage,1024,2,27.0,58737832.0
3,baseline,verified-garbage,1024,3,36.0,79233791.0
3,baseline,verified-garbage,1024,4,45.0,97508269.0
3,baseline,verified-garbage,1024,5,54.0,116556058.0
3,baseline,verified-garbage,1024,6,63.0,136637874.0
3,baseline,verified-garbage,1024,7,72.0,155384929.0
3,baseline,verified-garbage,1024,8,81.0,176839102.0
3,baseline,verified-garbage,1024,9,90.0,194925932.0
3,baseline,verified-garbage,16384,0,3.0,114158617.0
3,baseline,verified-garbage,16384,1,3.0,114788878.0
3,baseline,verified-garbage,16384,2,3.0,119997780.0
3,baseline,verified-garbage,16384,3,3.0,124069573.0
3,baseline,verified-garbage,16384,4,3.0,121231802.0
3,baseline,verified-garbage,16384,5,3.0,120920874.0
3,baseline,verified-garbage,16384,6,3.0,115018657.0
3,baseline,verified-garbage,16384,7,3.0,113382771.0
3,baseline,verified-garbage,16384,8,3.0,117247749.0
3,baseline,verified-garbage,16384,9,3.0,118400201.0
3,inline,openssl,1024,0,9.0,19053235.0
3,inline,openssl,1024,1,18.0,37786182.0
3,inline,openssl,1024,2,27.0,56268428.0
3,inline,openssl,1024,3,36.0,75039396.0
3,inline,openssl,1024,4,45.0,97202834.0
3,inline,openssl,1024,5,54.0,121022817.0
3,inline,openssl,1024,6,63.0,135484582.0
3,inline,openssl,1024,7,72.0,154476956.0
3,inline,openssl,1024,8,81.0,179357447.0
3,inline,openssl,1024,9,90.0,191639126.0
3,inline,openssl,16384,0,3.0,108553035.0
3,inline,openssl,16384,1,3.0,109787957.0
3,inline,openssl,16384,2,3.0,108801037.0
3,inline,openssl,16384,3,3.0,108962696.0
3,inline,openssl,16384,4,3.0,108272746.0
3,inline,openssl,16384,5,3.0,109203511.0
3,inline,openssl,16384,6,3.0,110870322.0
3,inline,openssl,16384,7,3.0,108297884.0
3,inline,openssl,16384,8,3.0,111509847.0
3,inline,openssl,16384,9,3.0,111131448.0
3,inline,verified-garbage,1024,0,10.0,18421842.0
3,inline,verified-garbage,1024,1,20.0,36931605.0
3,inline,verified-garbage,1024,2,30.0,56044408.0
3,inline,verified-garbage,1024,3,40.0,75235375.0
3,inline,verified-garbage,1024,4,50.0,94297924.0
3,inline,verified-garbage,1024,5,60.0,113191894.0
3,inline,verified-garbage,1024,6,70.0,131965035.0
3,inline,verified-garbage,1024,7,80.0,157896040.0
3,inline,verified-garbage,1024,8,90.0,174535496.0
3,inline,verified-garbage,1024,9,100.0,189608032.0
3,inline,verified-garbage,16384,0,1.0,33019842.0
3,inline,verified-garbage,16384,1,2.0,64340645.0
3,inline,verified-garbage,16384,2,3.0,98007752.0
3,inline,verified-garbage,16384,3,4.0,132045667.0
3,inline,verified-garbage,16384,4,5.0,165449656.0
3,inline,verified-garbage,16384,5,6.0,199874813.0
3,inline,verified-garbage,16384,6,7.0,231438234.0
3,inline,verified-garbage,16384,7,8.0,264077593.0
3,inline,verified-garbage,16384,8,9.0,296001598.0
3,inline,verified-garbage,16384,9,10.0,326146063.0
3,mul,openssl,1024,0,8.0,17215273.0
3,mul,openssl,1024,1,16.0,34922869.0
3,mul,openssl,1024,2,24.0,52614018.0
3,mul,openssl,1024,3,32.0,69169018.0
3,mul,openssl,1024,4,40.0,97673542.0
3,mul,openssl,1024,5,48.0,120726024.0
3,mul,openssl,1024,6,56.0,131112664.0
3,mul,openssl,1024,7,64.0,150959947.0
3,mul,openssl,1024,8,72.0,167116970.0
3,mul,openssl,1024,9,80.0,183251670.0
3,mul,openssl,16384,0,3.0,133005204.0
3,mul,openssl,16384,1,3.0,128127772.0
3,mul,openssl,16384,2,3.0,120061841.0
3,mul,openssl,16384,3,3.0,122058839.0
3,mul,openssl,16384,4,3.0,119196222.0
3,mul,openssl,16384,5,3.0,118237406.0
3,mul,openssl,16384,6,3.0,119945849.0
3,mul,openssl,16384,7,3.0,112220080.0
3,mul,openssl,16384,8,3.0,112099752.0
3,mul,openssl,16384,9,3.0,117630560.0
3,mul,verified-garbage,1024,0,10.0,18833462.0
3,mul,verified-garbage,1024,1,20.0,36807234.0
3,mul,verified-garbage,1024,2,30.0,55356085.0
3,mul,verified-garbage,1024,3,40.0,73655207.0
3,mul,verified-garbage,1024,4,50.0,100661878.0
3,mul,verified-garbage,1024,5,60.0,111480474.0
3,mul,verified-garbage,1024,6,70.0,129219390.0
3,mul,verified-garbage,1024,7,80.0,147683496.0
3,mul,verified-garbage,1024,8,90.0,168054768.0
3,mul,verified-garbage,1024,9,100.0,189431306.0
3,mul,verified-garbage,16384,0,1.0,35065980.0
3,mul,verified-garbage,16384,1,2.0,67974153.0
3,mul,verified-garbage,16384,2,3.0,112420877.0
3,mul,verified-garbage,16384,3,4.0,143089653.0
3,mul,verified-garbage,16384,4,5.0,177886366.0
3,mul,verified-garbage,16384,5,6.0,214311338.0
3,mul,verified-garbage,16384,6,7.0,236452994.0
3,mul,verified-garbage,16384,7,8.0,265129568.0
3,mul,verified-garbage,16384,8,9.0,300049562.0
3,mul,verified-garbage,16384,9,10.0,342308576.0
3,schedule,openssl,1024,0,8.0,18129713.0
3,schedule,openssl,1024,1,16.0,36882959.0
3,schedule,openssl,1024,2,24.0,60213032.0
3,schedule,openssl,1024,3,32.0,79357994.0
3,schedule,openssl,1024,4,40.0,103244950.0
3,schedule,openssl,1024,5,48.0,117036547.0
3,schedule,openssl,1024,6,56.0,119363193.0
3,schedule,openssl,1024,7,64.0,138510099.0
3,schedule,openssl,1024,8,72.0,155863006.0
3,schedule,openssl,1024,9,80.0,176721190.0
3,schedule,openssl,16384,0,1.0,34878466.0
3,schedule,openssl,16384,1,2.0,70741806.0
3,schedule,openssl,16384,2,3.0,107905276.0
3,schedule,openssl,16384,3,4.0,156928074.0
3,schedule,openssl,16384,4,5.0,197421285.0
3,schedule,openssl,16384,5,6.0,230920299.0
3,schedule,openssl,16384,6,7.0,260457392.0
3,schedule,openssl,16384,7,8.0,290687594.0
3,schedule,openssl,16384,8,9.0,331187370.0
3,schedule,openssl,16384,9,10.0,361828028.0
3,schedule,verified-garbage,1024,0,10.0,19450725.0
3,schedule,verified-garbage,1024,1,20.0,38755753.0
3,schedule,verified-garbage,1024,2,30.0,57321561.0
3,schedule,verified-garbage,1024,3,40.0,77233748.0
3,schedule,verified-garbage,1024,4,50.0,96995902.0
3,schedule,verified-garbage,1024,5,60.0,118091076.0
3,schedule,verified-garbage,1024,6,70.0,137947368.0
3,schedule,verified-garbage,1024,7,80.0,156268155.0
3,schedule,verified-garbage,1024,8,90.0,174659304.0
3,schedule,verified-garbage,1024,9,100.0,199737359.0
3,schedule,verified-garbage,16384,0,1.0,32145843.0
3,schedule,verified-garbage,16384,1,2.0,64193741.0
3,schedule,verified-garbage,16384,2,3.0,95868277.0
3,schedule,verified-garbage,16384,3,4.0,127983264.0
3,schedule,verified-garbage,16384,4,5.0,159704098.0
3,schedule,verified-garbage,16384,5,6.0,191788979.0
3,schedule,verified-garbage,16384,6,7.0,233445122.0
3,schedule,verified-garbage,16384,7,8.0,256277960.0
3,schedule,verified-garbage,16384,8,9.0,314649478.0
3,schedule,verified-garbage,16384,9,10.0,330777665.0
4,baseline,openssl,1024,0,9.0,19423204.0
4,baseline,openssl,1024,1,18.0,38262396.0
4,baseline,openssl,1024,2,27.0,58462291.0
4,baseline,openssl,1024,3,36.0,77132811.0
4,baseline,openssl,1024,4,45.0,105976655.0
4,baseline,openssl,1024,5,54.0,116110268.0
4,baseline,openssl,1024,6,63.0,137506474.0
4,baseline,openssl,1024,7,72.0,152003622.0
4,baseline,openssl,1024,8,81.0,172804439.0
4,baseline,openssl,1024,9,90.0,191278910.0
4,baseline,openssl,16384,0,3.0,116132529.0
4,baseline,openssl,16384,1,3.0,123626948.0
4,baseline,openssl,16384,2,3.0,121184044.0
4,baseline,openssl,16384,3,3.0,121805382.0
4,baseline,openssl,16384,4,3.0,121167611.0
4,baseline,openssl,16384,5,3.0,120802160.0
4,baseline,openssl,16384,6,3.0,119813691.0
4,baseline,openssl,16384,7,3.0,121223804.0
4,baseline,openssl,16384,8,3.0,109905157.0
4,baseline,openssl,16384,9,3.0,109086138.0
4,baseline,verified-garbage,1024,0,9.0,19233575.0
4,baseline,verified-garbage,1024,1,18.0,37623563.0
4,baseline,verified-garbage,1024,2,27.0,56938989.0
4,baseline,verified-garbage,1024,3,36.0,75095983.0
4,baseline,verified-garbage,1024,4,45.0,94120118.0
4,baseline,verified-garbage,1024,5,54.0,112110097.0
4,baseline,verified-garbage,1024,6,63.0,133801440.0
4,baseline,verified-garbage,1024,7,72.0,150619667.0
4,baseline,verified-garbage,1024,8,81.0,174848959.0
4,baseline,verified-garbage,1024,9,90.0,189501529.0
4,baseline,verified-garbage,16384,0,1.0,38513482.0
4,baseline,verified-garbage,16384,1,2.0,70777537.0
4,baseline,verified-garbage,16384,2,3.0,107670756.0
4,baseline,verified-garbage,16384,3,4.0,146007698.0
4,baseline,verified-garbage,16384,4,5.0,190621038.0
4,baseline,verified-garbage,16384,5,6.0,219813897.0
4,baseline,verified-garbage,16384,6,7.0,254809837.0
4,baseline,verified-garbage,16384,7,8.0,294682172.0
4,baseline,verified-garbage,16384,8,9.0,329648823.0
4,baseline,verified-garbage,16384,9,10.0,371457800.0
4,inline,openssl,1024,0,8.0,17312205.0
4,inline,openssl,1024,1,16.0,34025956.0
4,inline,openssl,1024,2,24.0,58347251.0
4,inline,openssl,1024,3,32.0,73133266.0
4,inline,openssl,1024,4,40.0,89118181.0
4,inline,openssl,1024,5,48.0,110063131.0
4,inline,openssl,1024,6,56.0,125519875.0
4,inline,openssl,1024,7,64.0,143805618.0
4,inline,openssl,1024,8,72.0,163513712.0
4,inline,openssl,1024,9,80.0,179763487.0
4,inline,openssl,16384,0,3.0,137143093.0
4,inline,openssl,16384,1,3.0,127029036.0
4,inline,openssl,16384,2,3.0,119338528.0
4,inline,openssl,16384,3,3.0,118873461.0
4,inline,openssl,16384,4,3.0,119510011.0
4,inline,openssl,16384,5,3.0,127874404.0
4,inline,openssl,16384,6,3.0,119728234.0
4,inline,openssl,16384,7,3.0,136380721.0
4,inline,openssl,16384,8,3.0,132073101.0
4,inline,openssl,16384,9,3.0,118145146.0
4,inline,verified-garbage,1024,0,10.0,18505241.0
4,inline,verified-garbage,1024,1,20.0,38141471.0
4,inline,verified-garbage,1024,2,30.0,56997720.0
4,inline,verified-garbage,1024,3,40.0,77346492.0
4,inline,verified-garbage,1024,4,50.0,95202243.0
4,inline,verified-garbage,1024,5,60.0,129281595.0
4,inline,verified-garbage,1024,6,70.0,147408987.0
4,inline,verified-garbage,1024,7,80.0,165627953.0
4,inline,verified-garbage,1024,8,90.0,192048604.0
4,inline,verified-garbage,1024,9,100.0,225814231.0
4,inline,verified-garbage,16384,0,1.0,35308591.0
4,inline,verified-garbage,16384,1,2.0,67865537.0
4,inline,verified-garbage,16384,2,3.0,106406011.0
4,inline,verified-garbage,16384,3,4.0,139043005.0
4,inline,verified-garbage,16384,4,5.0,173950523.0
4,inline,verified-garbage,16384,5,6.0,208607912.0
4,inline,verified-garbage,16384,6,7.0,241548385.0
4,inline,verified-garbage,16384,7,8.0,277906917.0
4,inline,verified-garbage,16384,8,9.0,313671353.0
4,inline,verified-garbage,16384,9,10.0,349730857.0
4,mul,openssl,1024,0,9.0,19174705.0
4,mul,openssl,1024,1,18.0,37977972.0
4,mul,openssl,1024,2,27.0,57938247.0
4,mul,openssl,1024,3,36.0,76966876.0
4,mul,openssl,1024,4,45.0,95357563.0
4,mul,openssl,1024,5,54.0,114788537.0
4,mul,openssl,1024,6,63.0,134955377.0
4,mul,openssl,1024,7,72.0,155867718.0
4,mul,openssl,1024,8,81.0,173047688.0
4,mul,openssl,1024,9,90.0,212647785.0
4,mul,openssl,16384,0,3.0,116013095.0
4,mul,openssl,16384,1,3.0,110884632.0
4,mul,openssl,16384,2,3.0,115282988.0
4,mul,openssl,16384,3,3.0,113313248.0
4,mul,openssl,16384,4,3.0,111902365.0
4,mul,openssl,16384,5,3.0,116576246.0
4,mul,openssl,16384,6,3.0,119548235.0
4,mul,openssl,16384,7,3.0,115892296.0
4,mul,openssl,16384,8,3.0,113090379.0
4,mul,openssl,16384,9,3.0,112234546.0
4,mul,verified-garbage,1024,0,10.0,18798579.0
4,mul,verified-garbage,1024,1,20.0,36915933.0
4,mul,verified-garbage,1024,2,30.0,56536987.0
4,mul,verified-garbage,1024,3,40.0,75310019.0
4,mul,verified-garbage,1024,4,50.0,92096097.0
4,mul,verified-garbage,1024,5,60.0,110422200.0
4,mul,verified-garbage,1024,6,70.0,128699870.0
4,mul,verified-garbage,1024,7,80.0,147460943.0
4,mul,verified-garbage,1024,8,90.0,166200997.0
4,mul,verified-garbage,1024,9,100.0,189238255.0
4,mul,verified-garbage,16384,0,1.0,33817408.0
4,mul,verified-garbage,16384,1,2.0,66601740.0
4,mul,verified-garbage,16384,2,3.0,99811791.0
4,mul,verified-garbage,16384,3,4.0,137846656.0
4,mul,verified-garbage,16384,4,5.0,166831098.0
4,mul,verified-garbage,16384,5,6.0,198512421.0
4,mul,verified-garbage,16384,6,7.0,236235878.0
4,mul,verified-garbage,16384,7,8.0,271951227.0
4,mul,verified-garbage,16384,8,9.0,321757458.0
4,mul,verified-garbage,16384,9,10.0,354176250.0
4,schedule,openssl,1024,0,9.0,19714398.0
4,schedule,openssl,1024,1,18.0,38513964.0
4,schedule,openssl,1024,2,27.0,65728605.0
4,schedule,openssl,1024,3,36.0,76874992.0
4,schedule,openssl,1024,4,45.0,96047489.0
4,schedule,openssl,1024,5,54.0,118316387.0
4,schedule,openssl,1024,6,63.0,147013881.0
4,schedule,openssl,1024,7,72.0,165119822.0
4,schedule,openssl,1024,8,81.0,196259235.0
4,schedule,openssl,1024,9,90.0,195536464.0
4,schedule,openssl,16384,0,3.0,119918062.0
4,schedule,openssl,16384,1,3.0,116859045.0
4,schedule,openssl,16384,2,3.0,115995730.0
4,schedule,openssl,16384,3,3.0,113730024.0
4,schedule,openssl,16384,4,3.0,115100349.0
4,schedule,openssl,16384,5,3.0,113864334.0
4,schedule,openssl,16384,6,3.0,116732779.0
4,schedule,openssl,16384,7,3.0,115593377.0
4,schedule,openssl,16384,8,3.0,112764809.0
4,schedule,openssl,16384,9,3.0,117132314.0
4,schedule,verified-garbage,1024,0,10.0,18866100.0
4,schedule,verified-garbage,1024,1,20.0,38175462.0
4,schedule,verified-garbage,1024,2,30.0,58567492.0
4,schedule,verified-garbage,1024,3,40.0,77206922.0
4,schedule,verified-garbage,1024,4,50.0,95592958.0
4,schedule,verified-garbage,1024,5,60.0,122086705.0
4,schedule,verified-garbage,1024,6,70.0,137236443.0
4,schedule,verified-garbage,1024,7,80.0,160261307.0
4,schedule,verified-garbage,1024,8,90.0,179162810.0
4,schedule,verified-garbage,1024,9,100.0,206171683.0
4,schedule,verified-garbage,16384,0,1.0,35859083.0
4,schedule,verified-garbage,16384,1,2.0,70763987.0
4,schedule,verified-garbage,16384,2,3.0,107731537.0
4,schedule,verified-garbage,16384,3,4.0,139970404.0
4,schedule,verified-garbage,16384,4,5.0,172580489.0
4,schedule,verified-garbage,16384,5,6.0,209864577.0
4,schedule,verified-garbage,16384,6,7.0,241363000.0
4,schedule,verified-garbage,16384,7,8.0,273825688.0
4,schedule,verified-garbage,16384,8,9.0,304724536.0
4,schedule,verified-garbage,16384,9,10.0,342368194.0
