run,library,N,sample,iterations,elapsed_ns
0-direct,openssl,1024,0,9.0,20095498.0
0-direct,openssl,1024,1,18.0,39691527.0
0-direct,openssl,1024,2,27.0,58134554.0
0-direct,openssl,1024,3,36.0,77975854.0
0-direct,openssl,1024,4,45.0,102617547.0
0-direct,openssl,1024,5,54.0,135857086.0
0-direct,openssl,1024,6,63.0,165885932.0
0-direct,openssl,1024,7,72.0,159146664.0
0-direct,openssl,1024,8,81.0,181684693.0
0-direct,openssl,1024,9,90.0,198100547.0
0-direct,openssl,16384,0,3.0,122282139.0
0-direct,openssl,16384,1,3.0,128870593.0
0-direct,openssl,16384,2,3.0,170275434.0
0-direct,openssl,16384,3,3.0,176261545.0
0-direct,openssl,16384,4,3.0,123840609.0
0-direct,openssl,16384,5,3.0,109473642.0
0-direct,openssl,16384,6,3.0,109354746.0
0-direct,openssl,16384,7,3.0,108795690.0
0-direct,openssl,16384,8,3.0,116280875.0
0-direct,openssl,16384,9,3.0,122942333.0
0-direct,verified-garbage,1024,0,10.0,17839706.0
0-direct,verified-garbage,1024,1,20.0,34863957.0
0-direct,verified-garbage,1024,2,30.0,57384606.0
0-direct,verified-garbage,1024,3,40.0,70675344.0
0-direct,verified-garbage,1024,4,50.0,88915560.0
0-direct,verified-garbage,1024,5,60.0,107581457.0
0-direct,verified-garbage,1024,6,70.0,125472419.0
0-direct,verified-garbage,1024,7,80.0,142082198.0
0-direct,verified-garbage,1024,8,90.0,164424493.0
0-direct,verified-garbage,1024,9,100.0,178161210.0
0-direct,verified-garbage,16384,0,1.0,29918294.0
0-direct,verified-garbage,16384,1,2.0,61288672.0
0-direct,verified-garbage,16384,2,3.0,89627373.0
0-direct,verified-garbage,16384,3,4.0,134985066.0
0-direct,verified-garbage,16384,4,5.0,147853000.0
0-direct,verified-garbage,16384,5,6.0,190397281.0
0-direct,verified-garbage,16384,6,7.0,205476459.0
0-direct,verified-garbage,16384,7,8.0,236015719.0
0-direct,verified-garbage,16384,8,9.0,275477889.0
0-direct,verified-garbage,16384,9,10.0,305922409.0
0-simd,openssl,1024,0,9.0,18838071.0
0-simd,openssl,1024,1,18.0,38601648.0
0-simd,openssl,1024,2,27.0,57717298.0
0-simd,openssl,1024,3,36.0,76148907.0
0-simd,openssl,1024,4,45.0,97713274.0
0-simd,openssl,1024,5,54.0,115431971.0
0-simd,openssl,1024,6,63.0,134074972.0
0-simd,openssl,1024,7,72.0,152199810.0
0-simd,openssl,1024,8,81.0,174009619.0
0-simd,openssl,1024,9,90.0,194384298.0
0-simd,openssl,16384,0,3.0,110603760.0
0-simd,openssl,16384,1,3.0,109974981.0
0-simd,openssl,16384,2,3.0,111123617.0
0-simd,openssl,16384,3,3.0,110764086.0
0-simd,openssl,16384,4,3.0,116588678.0
0-simd,openssl,16384,5,3.0,111010571.0
0-simd,openssl,16384,6,3.0,108209404.0
0-simd,openssl,16384,7,3.0,110772188.0
0-simd,openssl,16384,8,3.0,110843394.0
0-simd,openssl,16384,9,3.0,109656280.0
0-simd,verified-garbage,1024,0,10.0,17793698.0
0-simd,verified-garbage,1024,1,20.0,37030377.0
0-simd,verified-garbage,1024,2,30.0,55753077.0
0-simd,verified-garbage,1024,3,40.0,73467426.0
0-simd,verified-garbage,1024,4,50.0,93935925.0
0-simd,verified-garbage,1024,5,60.0,110561478.0
0-simd,verified-garbage,1024,6,70.0,125819561.0
0-simd,verified-garbage,1024,7,80.0,143075846.0
0-simd,verified-garbage,1024,8,90.0,162100341.0
0-simd,verified-garbage,1024,9,100.0,182020088.0
0-simd,verified-garbage,16384,0,1.0,30739927.0
0-simd,verified-garbage,16384,1,2.0,61014516.0
0-simd,verified-garbage,16384,2,3.0,92204227.0
0-simd,verified-garbage,16384,3,4.0,121650183.0
0-simd,verified-garbage,16384,4,5.0,151127836.0
0-simd,verified-garbage,16384,5,6.0,182732579.0
0-simd,verified-garbage,16384,6,7.0,218028800.0
0-simd,verified-garbage,16384,7,8.0,257078203.0
0-simd,verified-garbage,16384,8,9.0,282185271.0
0-simd,verified-garbage,16384,9,10.0,307551602.0
1-direct,openssl,1024,0,8.0,18547771.0
1-direct,openssl,1024,1,16.0,37975052.0
1-direct,openssl,1024,2,24.0,52689663.0
1-direct,openssl,1024,3,32.0,71422298.0
1-direct,openssl,1024,4,40.0,89485313.0
1-direct,openssl,1024,5,48.0,103039782.0
1-direct,openssl,1024,6,56.0,122014364.0
1-direct,openssl,1024,7,64.0,139181867.0
1-direct,openssl,1024,8,72.0,158287633.0
1-direct,openssl,1024,9,80.0,237824175.0
1-direct,openssl,16384,0,3.0,146556816.0
1-direct,openssl,16384,1,3.0,115121012.0
1-direct,openssl,16384,2,3.0,111750093.0
1-direct,openssl,16384,3,3.0,113764133.0
1-direct,openssl,16384,4,3.0,109565618.0
1-direct,openssl,16384,5,3.0,109081503.0
1-direct,openssl,16384,6,3.0,119696549.0
1-direct,openssl,16384,7,3.0,111020737.0
1-direct,openssl,16384,8,3.0,110773621.0
1-direct,openssl,16384,9,3.0,110228636.0
1-direct,verified-garbage,1024,0,10.0,17893005.0
1-direct,verified-garbage,1024,1,20.0,35360892.0
1-direct,verified-garbage,1024,2,30.0,56034073.0
1-direct,verified-garbage,1024,3,40.0,78223222.0
1-direct,verified-garbage,1024,4,50.0,89772979.0
1-direct,verified-garbage,1024,5,60.0,116539559.0
1-direct,verified-garbage,1024,6,70.0,135195309.0
1-direct,verified-garbage,1024,7,80.0,153626379.0
1-direct,verified-garbage,1024,8,90.0,181281591.0
1-direct,verified-garbage,1024,9,100.0,191626719.0
1-direct,verified-garbage,16384,0,1.0,32605132.0
1-direct,verified-garbage,16384,1,2.0,74514845.0
1-direct,verified-garbage,16384,2,3.0,100423256.0
1-direct,verified-garbage,16384,3,4.0,132063633.0
1-direct,verified-garbage,16384,4,5.0,160193535.0
1-direct,verified-garbage,16384,5,6.0,189856242.0
1-direct,verified-garbage,16384,6,7.0,220706320.0
1-direct,verified-garbage,16384,7,8.0,248296897.0
1-direct,verified-garbage,16384,8,9.0,287061525.0
1-direct,verified-garbage,16384,9,10.0,307404057.0
1-simd,openssl,1024,0,9.0,19964664.0
1-simd,openssl,1024,1,18.0,40661460.0
1-simd,openssl,1024,2,27.0,61602446.0
1-simd,openssl,1024,3,36.0,82214776.0
1-simd,openssl,1024,4,45.0,111993945.0
1-simd,openssl,1024,5,54.0,126530973.0
1-simd,openssl,1024,6,63.0,142256899.0
1-simd,openssl,1024,7,72.0,190154068.0
1-simd,openssl,1024,8,81.0,190241973.0
1-simd,openssl,1024,9,90.0,196535518.0
1-simd,openssl,16384,0,3.0,121984278.0
1-simd,openssl,16384,1,3.0,135688987.0
1-simd,openssl,16384,2,3.0,126801422.0
1-simd,openssl,16384,3,3.0,111665749.0
1-simd,openssl,16384,4,3.0,119632034.0
1-simd,openssl,16384,5,3.0,121041405.0
1-simd,openssl,16384,6,3.0,123331758.0
1-simd,openssl,16384,7,3.0,132320913.0
1-simd,openssl,16384,8,3.0,131766565.0
1-simd,openssl,16384,9,3.0,113809645.0
1-simd,verified-garbage,1024,0,10.0,19042092.0
1-simd,verified-garbage,1024,1,20.0,40611556.0
1-simd,verified-garbage,1024,2,30.0,57137071.0
1-simd,verified-garbage,1024,3,40.0,76331798.0
1-simd,verified-garbage,1024,4,50.0,92930721.0
1-simd,verified-garbage,1024,5,60.0,113765040.0
1-simd,verified-garbage,1024,6,70.0,131209032.0
1-simd,verified-garbage,1024,7,80.0,154166946.0
1-simd,verified-garbage,1024,8,90.0,171818052.0
1-simd,verified-garbage,1024,9,100.0,189949650.0
1-simd,verified-garbage,16384,0,1.0,32876593.0
1-simd,verified-garbage,16384,1,2.0,65740978.0
1-simd,verified-garbage,16384,2,3.0,105077871.0
1-simd,verified-garbage,16384,3,4.0,139879888.0
1-simd,verified-garbage,16384,4,5.0,176595370.0
1-simd,verified-garbage,16384,5,6.0,211758139.0
1-simd,verified-garbage,16384,6,7.0,240655265.0
1-simd,verified-garbage,16384,7,8.0,263676083.0
1-simd,verified-garbage,16384,8,9.0,308276079.0
1-simd,verified-garbage,16384,9,10.0,326809809.0
2-direct,openssl,1024,0,7.0,16734413.0
2-direct,openssl,1024,1,14.0,32617290.0
2-direct,openssl,1024,2,21.0,47278782.0
2-direct,openssl,1024,3,28.0,71053333.0
2-direct,openssl,1024,4,35.0,93158608.0
2-direct,openssl,1024,5,42.0,111795767.0
2-direct,openssl,1024,6,49.0,129701194.0
2-direct,openssl,1024,7,56.0,133311166.0
2-direct,openssl,1024,8,63.0,144431779.0
2-direct,openssl,1024,9,70.0,165989315.0
2-direct,openssl,16384,0,3.0,112605138.0
2-direct,openssl,16384,1,3.0,117869522.0
2-direct,openssl,16384,2,3.0,131294550.0
2-direct,openssl,16384,3,3.0,119141862.0
2-direct,openssl,16384,4,3.0,122896687.0
2-direct,openssl,16384,5,3.0,115764123.0
2-direct,openssl,16384,6,3.0,125402468.0
2-direct,openssl,16384,7,3.0,147994155.0
2-direct,openssl,16384,8,3.0,133488035.0
2-direct,openssl,16384,9,3.0,133693266.0
2-direct,verified-garbage,1024,0,10.0,23895369.0
2-direct,verified-garbage,1024,1,20.0,47831088.0
2-direct,verified-garbage,1024,2,30.0,60030714.0
2-direct,verified-garbage,1024,3,40.0,74029768.0
2-direct,verified-garbage,1024,4,50.0,114486585.0
2-direct,verified-garbage,1024,5,60.0,116044896.0
2-direct,verified-garbage,1024,6,70.0,131621871.0
2-direct,verified-garbage,1024,7,80.0,173295245.0
2-direct,verified-garbage,1024,8,90.0,205769724.0
2-direct,verified-garbage,1024,9,100.0,242184192.0
2-direct,verified-garbage,16384,0,1.0,32749435.0
2-direct,verified-garbage,16384,1,2.0,66148699.0
2-direct,verified-garbage,16384,2,3.0,117005906.0
2-direct,verified-garbage,16384,3,4.0,153498329.0
2-direct,verified-garbage,16384,4,5.0,188476455.0
2-direct,verified-garbage,16384,5,6.0,273918617.0
2-direct,verified-garbage,16384,6,7.0,322281230.0
2-direct,verified-garbage,16384,7,8.0,298495284.0
2-direct,verified-garbage,16384,8,9.0,297211980.0
2-direct,verified-garbage,16384,9,10.0,306518294.0
2-simd,openssl,1024,0,8.0,18503327.0
2-simd,openssl,1024,1,16.0,36728361.0
2-simd,openssl,1024,2,24.0,52275661.0
2-simd,openssl,1024,3,32.0,71280909.0
2-simd,openssl,1024,4,40.0,88527820.0
2-simd,openssl,1024,5,48.0,104932308.0
2-simd,openssl,1024,6,56.0,127589937.0
2-simd,openssl,1024,7,64.0,139617350.0
2-simd,openssl,1024,8,72.0,155816514.0
2-simd,openssl,1024,9,80.0,172129485.0
2-simd,openssl,16384,0,3.0,141221749.0
2-simd,openssl,16384,1,3.0,150428104.0
2-simd,openssl,16384,2,3.0,136515053.0
2-simd,openssl,16384,3,3.0,130201303.0
2-simd,openssl,16384,4,3.0,116907491.0
2-simd,openssl,16384,5,3.0,116061432.0
2-simd,openssl,16384,6,3.0,118324273.0
2-simd,openssl,16384,7,3.0,120452156.0
2-simd,openssl,16384,8,3.0,118219639.0
2-simd,openssl,16384,9,3.0,116944025.0
2-simd,verified-garbage,1024,0,10.0,19210200.0
2-simd,verified-garbage,1024,1,20.0,47696400.0
2-simd,verified-garbage,1024,2,30.0,66380021.0
2-simd,verified-garbage,1024,3,40.0,90095615.0
2-simd,verified-garbage,1024,4,50.0,103548803.0
2-simd,verified-garbage,1024,5,60.0,126647617.0
2-simd,verified-garbage,1024,6,70.0,137445313.0
2-simd,verified-garbage,1024,7,80.0,163090331.0
2-simd,verified-garbage,1024,8,90.0,182010237.0
2-simd,verified-garbage,1024,9,100.0,195515211.0
2-simd,verified-garbage,16384,0,1.0,32329485.0
2-simd,verified-garbage,16384,1,2.0,63204742.0
2-simd,verified-garbage,16384,2,3.0,98174877.0
2-simd,verified-garbage,16384,3,4.0,127365134.0
2-simd,verified-garbage,16384,4,5.0,157344148.0
2-simd,verified-garbage,16384,5,6.0,191391530.0
2-simd,verified-garbage,16384,6,7.0,224452435.0
2-simd,verified-garbage,16384,7,8.0,254393712.0
2-simd,verified-garbage,16384,8,9.0,322138329.0
2-simd,verified-garbage,16384,9,10.0,318235194.0
