round,variant,library,N,mean_ns,median_ns,mean_ci_low,mean_ci_high
0,direct,verified-garbage,1024,1958353.18922619,1947866.1857142858,1923031.6699761904,2000862.333892857
0,direct,verified-garbage,16384,30855256.00440476,30497035.333333336,30360888.66125,31489038.160833336
0,direct,openssl,1024,2146861.4059126982,2147244.492063492,2136606.692871032,2157759.7650942462
0,direct,openssl,16384,36456993.2,36250525.0,36172052.13333334,36883770.266666666
0,fused,verified-garbage,1024,1771740.193051948,1756562.990909091,1740607.980027056,1809504.7139437231
0,fused,verified-garbage,16384,28519939.1665873,28528550.583333336,28178014.727095235,28890642.877777778
0,fused,openssl,1024,2167286.49015873,2167521.949074074,2153790.067010582,2181425.0645734128
0,fused,openssl,16384,37414583.63333333,37323347.333333336,37095608.766666666,37772539.8775
0,baseline,verified-garbage,1024,2243304.5646031746,2181563.541666667,2158086.111684028,2339404.7424017857
0,baseline,verified-garbage,16384,40980533.166666664,40717742.16666667,39640363.629166655,42587750.3
0,baseline,openssl,1024,2311117.0008730157,2268211.064814815,2239465.1440687827,2398738.768464286
0,baseline,openssl,16384,38370809.89999999,38370440.166666664,37981470.4,38762789.752500005
0,fused-copy,verified-garbage,1024,1654319.6484920636,1652632.5328282828,1641606.118737374,1667250.3440115438
0,fused-copy,verified-garbage,16384,29417880.425833333,29396893.166666664,28880184.488541666,29970210.674312502
0,fused-copy,openssl,1024,2169554.065260141,2175178.7425044095,2135338.550797068,2203501.5433986997
0,fused-copy,openssl,16384,38336513.4,38194000.833333336,38059515.63333334,38637311.8
1,direct,verified-garbage,1024,2192276.9010833334,2119127.515,2031550.7018333334,2366795.0367499995
1,direct,verified-garbage,16384,32568825.357539676,32211477.625,31913401.824761905,33433784.444761902
1,direct,openssl,1024,2258855.125997024,2268547.177083333,2236872.61125,2279486.793841518
1,direct,openssl,16384,37851564.56666666,37861301.333333336,37459097.36499999,38262592.266666666
1,fused-copy,verified-garbage,1024,1659678.2063383837,1648338.3806818184,1643319.4120738637,1680232.1907828283
1,fused-copy,verified-garbage,16384,27996902.51035714,28083504.1,27723633.15749999,28233893.974523805
1,fused-copy,openssl,1024,2104195.943597884,2096605.892063492,2094292.175804894,2117448.2684126985
1,fused-copy,openssl,16384,37883177.13222222,37553367.875,37190565.11555556,38680624.06823611
1,fused,verified-garbage,1024,1616975.0804034392,1599096.0805555554,1593656.483065972,1644583.2376455027
1,fused,verified-garbage,16384,27921295.34329365,27765607.95,27691117.75880953,28287505.04496032
1,fused,openssl,1024,2119058.842742504,2121289.626984127,2110400.8974475306,2127962.8212530864
1,fused,openssl,16384,37013442.66761904,37256408.0,36579446.537357144,37430814.474154755
1,baseline,verified-garbage,1024,2146077.3093694886,2144097.0555555555,2122773.2961319447,2170551.696763668
1,baseline,verified-garbage,16384,36116486.46666667,36201760.83333333,35903142.369166665,36299041.66083333
1,baseline,openssl,1024,2134429.437680776,2132709.2175925924,2118477.1451534387,2150807.3220017636
1,baseline,openssl,16384,37162549.60000001,36543759.333333336,36297758.33333333,38373320.96666666
2,fused,verified-garbage,1024,1636736.7918716932,1636275.736111111,1627020.05228836,1647258.722758598
2,fused,verified-garbage,16384,28574789.73591269,28502327.0,28212884.82222222,29029696.64126984
2,fused,openssl,1024,2248344.6624955907,2177820.1064814813,2172042.73,2340514.026703924
2,fused,openssl,16384,36423418.56666666,36339026.0,36276557.05083334,36599836.666666664
2,fused-copy,verified-garbage,1024,1696272.810108225,1691150.0045454544,1677864.111771645,1718624.9157711037
2,fused-copy,verified-garbage,16384,29344983.049087305,28639442.516666666,28510746.17735715,30319853.589698415
2,fused-copy,openssl,1024,2247418.136031746,2206785.361111111,2182855.0378664015,2324115.2256455026
2,fused-copy,openssl,16384,41116050.46666666,40076703.66666667,39227627.16416667,43456473.56666666
2,baseline,verified-garbage,1024,2107881.1946208114,2093061.8095238095,2090099.2061684306,2127897.4699823633
2,baseline,verified-garbage,16384,38603310.433333345,38309056.0,37663199.08,39810077.07583333
2,baseline,openssl,1024,2181579.6172266314,2183415.9189814813,2169521.151589947,2192956.675584656
2,baseline,openssl,16384,36910054.766666666,36783262.83333333,36645977.56666667,37175691.16333333
2,direct,verified-garbage,1024,1801725.0619949498,1775372.2727272727,1767090.814207702,1856389.0885858587
2,direct,verified-garbage,16384,30296314.39095238,30320273.375,30133828.281904764,30460282.08514881
2,direct,openssl,1024,2187017.722006173,2145235.3680555555,2133909.98314892,2266669.0385277774
2,direct,openssl,16384,36334177.92198412,36153727.733333334,35987550.41555556,36776653.27763691
3,baseline,verified-garbage,1024,2159621.584246032,2125943.159722222,2118976.072315807,2219137.274393188
3,baseline,verified-garbage,16384,37060437.9,37350370.16666667,36609415.4,37495471.75000001
3,baseline,openssl,1024,2123485.231212522,2125267.201388889,2111583.433572421,2137049.688712522
3,baseline,openssl,16384,40667398.5,39680930.833333336,39039516.23416667,42742069.96666666
3,fused-copy,verified-garbage,1024,1684594.83501443,1678762.1522727273,1672814.0213419914,1698023.572979798
3,fused-copy,verified-garbage,16384,29245984.786349207,29178248.6,28918782.32127777,29586944.09778571
3,fused-copy,openssl,1024,2227594.0412433865,2220592.2407407407,2202602.2631984125,2259045.4571164018
3,fused-copy,openssl,16384,39331651.4,39058144.833333336,38725434.34916666,40013198.5
3,direct,verified-garbage,1024,1878684.2250714288,1854744.8,1842929.7610714291,1923660.5194
3,direct,verified-garbage,16384,32091646.970476188,32370210.86904762,31660737.03498809,32524597.096845236
3,direct,openssl,1024,2200022.198536155,2201570.744444445,2187750.9883333337,2213094.829938271
3,direct,openssl,16384,39052565.0,37486222.666666664,37170953.35083333,41453707.5
3,fused,verified-garbage,1024,1615485.8639249639,1614010.5727272728,1608201.3436363633,1623617.3949722222
3,fused,verified-garbage,16384,28796034.1897619,28302391.208333336,28245518.761190474,29487394.23633333
3,fused,openssl,1024,2315651.593090278,2308810.979166667,2279462.185622396,2357218.504087674
3,fused,openssl,16384,36919348.2,36928153.166666664,36681861.06666667,37137741.49666667
4,direct,verified-garbage,1024,1786643.3372113996,1784351.4090909092,1770423.5611767673,1803746.071200487
4,direct,verified-garbage,16384,30548079.596904766,30443332.583333336,30339468.085,30844048.398005955
4,direct,openssl,1024,2145260.154775132,2142383.6805555555,2124341.1803703704,2171411.7616666667
4,direct,openssl,16384,36975363.7,36721510.833333336,36607212.041666664,37390453.733333334
4,fused-copy,verified-garbage,1024,1634265.0943320105,1628090.0972222222,1622240.498220238,1651074.3703703703
4,fused-copy,verified-garbage,16384,30898120.5222619,30533930.104166664,29852561.43287202,32013166.348306548
4,fused-copy,openssl,1024,2157668.3235361553,2139564.9074074076,2125987.5762380958,2193667.353109568
4,fused-copy,openssl,16384,37955889.666666664,38047535.66666667,37538974.865,38399095.3
4,baseline,verified-garbage,1024,2268421.688134921,2256332.4375,2207933.6801336803,2332431.1119077383
4,baseline,verified-garbage,16384,36958015.73333333,36927140.833333336,36658872.0,37261159.36666666
4,baseline,openssl,1024,2108070.789431217,2107136.9819444446,2103650.5382662034,2112406.045066138
4,baseline,openssl,16384,37125906.400000006,36993660.83333333,36721929.09833333,37559488.725833334
4,fused,verified-garbage,1024,1702479.2580519482,1693106.8681818182,1673353.6232034634,1736469.5403030303
4,fused,verified-garbage,16384,29720970.162261903,29959496.0625,29104271.3525,30302039.735892855
4,fused,openssl,1024,2270793.4219047623,2259212.75,2250482.110793651,2296082.9996825396
4,fused,openssl,16384,38968954.63333333,38955740.16666667,38278304.92916666,39757664.3325
