round,variant,library,N,sample,iterations,total_ns
0,direct,verified-garbage,1024,0,10.0,19295926.0
0,direct,verified-garbage,1024,1,20.0,39061244.0
0,direct,verified-garbage,1024,2,30.0,63369029.0
0,direct,verified-garbage,1024,3,40.0,79570697.0
0,direct,verified-garbage,1024,4,50.0,95403489.0
0,direct,verified-garbage,1024,5,60.0,119934338.0
0,direct,verified-garbage,1024,6,70.0,135986912.0
0,direct,verified-garbage,1024,7,80.0,157413433.0
0,direct,verified-garbage,1024,8,90.0,168588039.0
0,direct,verified-garbage,1024,9,100.0,190879477.0
0,direct,verified-garbage,16384,0,1.0,30950050.0
0,direct,verified-garbage,16384,1,2.0,60433606.0
0,direct,verified-garbage,16384,2,3.0,90159198.0
0,direct,verified-garbage,16384,3,4.0,121888178.0
0,direct,verified-garbage,16384,4,5.0,150923758.0
0,direct,verified-garbage,16384,5,6.0,183132157.0
0,direct,verified-garbage,16384,6,7.0,210864383.0
0,direct,verified-garbage,16384,7,8.0,249526505.0
0,direct,verified-garbage,16384,8,9.0,284725212.0
0,direct,verified-garbage,16384,9,10.0,332033877.0
0,direct,openssl,1024,0,9.0,19644119.0
0,direct,openssl,1024,1,18.0,38127456.0
0,direct,openssl,1024,2,27.0,58357310.0
0,direct,openssl,1024,3,36.0,77608209.0
0,direct,openssl,1024,4,45.0,96663830.0
0,direct,openssl,1024,5,54.0,114949595.0
0,direct,openssl,1024,6,63.0,135223444.0
0,direct,openssl,1024,7,72.0,154221861.0
0,direct,openssl,1024,8,81.0,172860165.0
0,direct,openssl,1024,9,90.0,193621063.0
0,direct,openssl,16384,0,3.0,107810630.0
0,direct,openssl,16384,1,3.0,109345698.0
0,direct,openssl,16384,2,3.0,108753643.0
0,direct,openssl,16384,3,3.0,108201888.0
0,direct,openssl,16384,4,3.0,108392729.0
0,direct,openssl,16384,5,3.0,109646592.0
0,direct,openssl,16384,6,3.0,108583733.0
0,direct,openssl,16384,7,3.0,108749507.0
0,direct,openssl,16384,8,3.0,109724027.0
0,direct,openssl,16384,9,3.0,114501349.0
0,fused,verified-garbage,1024,0,11.0,18896226.0
0,fused,verified-garbage,1024,1,22.0,39537968.0
0,fused,verified-garbage,1024,2,33.0,60098191.0
0,fused,verified-garbage,1024,3,44.0,76436800.0
0,fused,verified-garbage,1024,4,55.0,96222449.0
0,fused,verified-garbage,1024,5,66.0,116399376.0
0,fused,verified-garbage,1024,6,77.0,133478508.0
0,fused,verified-garbage,1024,7,88.0,150545774.0
0,fused,verified-garbage,1024,8,99.0,176082963.0
0,fused,verified-garbage,1024,9,110.0,209885414.0
0,fused,verified-garbage,16384,0,1.0,28776902.0
0,fused,verified-garbage,16384,1,2.0,57119263.0
0,fused,verified-garbage,16384,2,3.0,83262997.0
0,fused,verified-garbage,16384,3,4.0,110731398.0
0,fused,verified-garbage,16384,4,5.0,140955957.0
0,fused,verified-garbage,16384,5,6.0,170984818.0
0,fused,verified-garbage,16384,6,7.0,201075970.0
0,fused,verified-garbage,16384,7,8.0,237728082.0
0,fused,verified-garbage,16384,8,9.0,254031295.0
0,fused,verified-garbage,16384,9,10.0,290701670.0
0,fused,openssl,1024,0,9.0,19187666.0
0,fused,openssl,1024,1,18.0,38478494.0
0,fused,openssl,1024,2,27.0,59755875.0
0,fused,openssl,1024,3,36.0,77886941.0
0,fused,openssl,1024,4,45.0,97115077.0
0,fused,openssl,1024,5,54.0,117261959.0
0,fused,openssl,1024,6,63.0,136983383.0
0,fused,openssl,1024,7,72.0,156745466.0
0,fused,openssl,1024,8,81.0,174754653.0
0,fused,openssl,1024,9,90.0,196924140.0
0,fused,openssl,16384,0,3.0,111259879.0
0,fused,openssl,16384,1,3.0,111094724.0
0,fused,openssl,16384,2,3.0,113363744.0
0,fused,openssl,16384,3,3.0,110867278.0
0,fused,openssl,16384,4,3.0,109945097.0
0,fused,openssl,16384,5,3.0,113010823.0
0,fused,openssl,16384,6,3.0,111206147.0
0,fused,openssl,16384,7,3.0,112680205.0
0,fused,openssl,16384,8,3.0,115920033.0
0,fused,openssl,16384,9,3.0,113089579.0
0,baseline,verified-garbage,1024,0,8.0,19141219.0
0,baseline,verified-garbage,1024,1,16.0,35009376.0
0,baseline,verified-garbage,1024,2,24.0,52200986.0
0,baseline,verified-garbage,1024,3,32.0,80358697.0
0,baseline,verified-garbage,1024,4,40.0,86912944.0
0,baseline,verified-garbage,1024,5,48.0,101350007.0
0,baseline,verified-garbage,1024,6,56.0,124902560.0
0,baseline,verified-garbage,1024,7,64.0,131890706.0
0,baseline,verified-garbage,1024,8,72.0,153204058.0
0,baseline,verified-garbage,1024,9,80.0,197019644.0
0,baseline,verified-garbage,16384,0,3.0,124396268.0
0,baseline,verified-garbage,16384,1,3.0,120687102.0
0,baseline,verified-garbage,16384,2,3.0,123221153.0
0,baseline,verified-garbage,16384,3,3.0,122399199.0
0,baseline,verified-garbage,16384,4,3.0,130249750.0
0,baseline,verified-garbage,16384,5,3.0,139850564.0
0,baseline,verified-garbage,16384,6,3.0,115286439.0
0,baseline,verified-garbage,16384,7,3.0,121907254.0
0,baseline,verified-garbage,16384,8,3.0,116042045.0
0,baseline,verified-garbage,16384,9,3.0,115376221.0
0,baseline,openssl,1024,0,9.0,23605100.0
0,baseline,openssl,1024,1,18.0,39791688.0
0,baseline,openssl,1024,2,27.0,59559433.0
0,baseline,openssl,1024,3,36.0,78707269.0
0,baseline,openssl,1024,4,45.0,100005768.0
0,baseline,openssl,1024,5,54.0,123718107.0
0,baseline,openssl,1024,6,63.0,153538304.0
0,baseline,openssl,1024,7,72.0,162073044.0
0,baseline,openssl,1024,8,81.0,185118018.0
0,baseline,openssl,1024,9,90.0,215869438.0
0,baseline,openssl,16384,0,3.0,114553637.0
0,baseline,openssl,16384,1,3.0,115669004.0
0,baseline,openssl,16384,2,3.0,116188620.0
0,baseline,openssl,16384,3,3.0,116471148.0
0,baseline,openssl,16384,4,3.0,116953740.0
0,baseline,openssl,16384,5,3.0,118493103.0
0,baseline,openssl,16384,6,3.0,114133396.0
0,baseline,openssl,16384,7,3.0,111890044.0
0,baseline,openssl,16384,8,3.0,113798662.0
0,baseline,openssl,16384,9,3.0,112972943.0
0,fused-copy,verified-garbage,1024,0,11.0,18055977.0
0,fused-copy,verified-garbage,1024,1,22.0,36830736.0
0,fused-copy,verified-garbage,1024,2,33.0,54886593.0
0,fused-copy,verified-garbage,1024,3,44.0,72206383.0
0,fused-copy,verified-garbage,1024,4,55.0,91671450.0
0,fused-copy,verified-garbage,1024,5,66.0,108284807.0
0,fused-copy,verified-garbage,1024,6,77.0,130412306.0
0,fused-copy,verified-garbage,1024,7,88.0,146179444.0
0,fused-copy,verified-garbage,1024,8,99.0,162769367.0
0,fused-copy,verified-garbage,1024,9,110.0,177866866.0
0,fused-copy,verified-garbage,16384,0,1.0,28288125.0
0,fused-copy,verified-garbage,16384,1,2.0,57346398.0
0,fused-copy,verified-garbage,16384,2,3.0,86716792.0
0,fused-copy,verified-garbage,16384,3,4.0,113884223.0
0,fused-copy,verified-garbage,16384,4,5.0,150761264.0
0,fused-copy,verified-garbage,16384,5,6.0,179621910.0
0,fused-copy,verified-garbage,16384,6,7.0,200118016.0
0,fused-copy,verified-garbage,16384,7,8.0,247356675.0
0,fused-copy,verified-garbage,16384,8,9.0,268993701.0
0,fused-copy,verified-garbage,16384,9,10.0,303555280.0
0,fused-copy,openssl,1024,0,9.0,19202530.0
0,fused-copy,openssl,1024,1,18.0,37980914.0
0,fused-copy,openssl,1024,2,27.0,56406416.0
0,fused-copy,openssl,1024,3,36.0,75866436.0
0,fused-copy,openssl,1024,4,45.0,99363726.0
0,fused-copy,openssl,1024,5,54.0,121757698.0
0,fused-copy,openssl,1024,6,63.0,138114257.0
0,fused-copy,openssl,1024,7,72.0,158777543.0
0,fused-copy,openssl,1024,8,81.0,174803483.0
0,fused-copy,openssl,1024,9,90.0,201320261.0
0,fused-copy,openssl,16384,0,3.0,113977130.0
0,fused-copy,openssl,16384,1,3.0,115276818.0
0,fused-copy,openssl,16384,2,3.0,114796249.0
0,fused-copy,openssl,16384,3,3.0,113135657.0
0,fused-copy,openssl,16384,4,3.0,114313195.0
0,fused-copy,openssl,16384,5,3.0,117645070.0
0,fused-copy,openssl,16384,6,3.0,116956688.0
0,fused-copy,openssl,16384,7,3.0,113466596.0
0,fused-copy,openssl,16384,8,3.0,116160243.0
0,fused-copy,openssl,16384,9,3.0,114367756.0
1,direct,verified-garbage,1024,0,10.0,25626817.0
1,direct,verified-garbage,1024,1,20.0,40855711.0
1,direct,verified-garbage,1024,2,30.0,76101840.0
1,direct,verified-garbage,1024,3,40.0,104933548.0
1,direct,verified-garbage,1024,4,50.0,109773474.0
1,direct,verified-garbage,1024,5,60.0,119558681.0
1,direct,verified-garbage,1024,6,70.0,156103297.0
1,direct,verified-garbage,1024,7,80.0,153200511.0
1,direct,verified-garbage,1024,8,90.0,172497051.0
1,direct,verified-garbage,1024,9,100.0,190743351.0
1,direct,verified-garbage,16384,0,1.0,31027289.0
1,direct,verified-garbage,16384,1,2.0,64579127.0
1,direct,verified-garbage,16384,2,3.0,99910426.0
1,direct,verified-garbage,16384,3,4.0,126521230.0
1,direct,verified-garbage,16384,4,5.0,179207129.0
1,direct,verified-garbage,16384,5,6.0,192375049.0
1,direct,verified-garbage,16384,6,7.0,223542716.0
1,direct,verified-garbage,16384,7,8.0,257067134.0
1,direct,verified-garbage,16384,8,9.0,293692708.0
1,direct,verified-garbage,16384,9,10.0,328330957.0
1,direct,openssl,1024,0,8.0,17636519.0
1,direct,openssl,1024,1,16.0,36596602.0
1,direct,openssl,1024,2,24.0,55432002.0
1,direct,openssl,1024,3,32.0,72747026.0
1,direct,openssl,1024,4,40.0,88101987.0
1,direct,openssl,1024,5,48.0,107111364.0
1,direct,openssl,1024,6,56.0,128392394.0
1,direct,openssl,1024,7,64.0,145653879.0
1,direct,openssl,1024,8,72.0,162989985.0
1,direct,openssl,1024,9,80.0,179787044.0
1,direct,openssl,16384,0,3.0,111735266.0
1,direct,openssl,16384,1,3.0,117082174.0
1,direct,openssl,16384,2,3.0,110884526.0
1,direct,openssl,16384,3,3.0,113614780.0
1,direct,openssl,16384,4,3.0,115420304.0
1,direct,openssl,16384,5,3.0,113731422.0
1,direct,openssl,16384,6,3.0,111166635.0
1,direct,openssl,16384,7,3.0,113553028.0
1,direct,openssl,16384,8,3.0,112570603.0
1,direct,openssl,16384,9,3.0,115788199.0
1,fused-copy,verified-garbage,1024,0,11.0,17993188.0
1,fused-copy,verified-garbage,1024,1,22.0,37923767.0
1,fused-copy,verified-garbage,1024,2,33.0,56468060.0
1,fused-copy,verified-garbage,1024,3,44.0,71943380.0
1,fused-copy,verified-garbage,1024,4,55.0,90152677.0
1,fused-copy,verified-garbage,1024,5,66.0,109533895.0
1,fused-copy,verified-garbage,1024,6,77.0,126720643.0
1,fused-copy,verified-garbage,1024,7,88.0,145283963.0
1,fused-copy,verified-garbage,1024,8,99.0,163480310.0
1,fused-copy,verified-garbage,1024,9,110.0,180868917.0
1,fused-copy,verified-garbage,16384,0,1.0,27073587.0
1,fused-copy,verified-garbage,16384,1,2.0,55548060.0
1,fused-copy,verified-garbage,16384,2,3.0,82657129.0
1,fused-copy,verified-garbage,16384,3,4.0,112320840.0
1,fused-copy,verified-garbage,16384,4,5.0,140433991.0
1,fused-copy,verified-garbage,16384,5,6.0,168259317.0
1,fused-copy,verified-garbage,16384,6,7.0,196692541.0
1,fused-copy,verified-garbage,16384,7,8.0,228168999.0
1,fused-copy,verified-garbage,16384,8,9.0,254375925.0
1,fused-copy,verified-garbage,16384,9,10.0,284747531.0
1,fused-copy,openssl,1024,0,9.0,19380477.0
1,fused-copy,openssl,1024,1,18.0,38160537.0
1,fused-copy,openssl,1024,2,27.0,56379869.0
1,fused-copy,openssl,1024,3,36.0,75174581.0
1,fused-copy,openssl,1024,4,45.0,94452396.0
1,fused-copy,openssl,1024,5,54.0,113414094.0
1,fused-copy,openssl,1024,6,63.0,131938988.0
1,fused-copy,openssl,1024,7,72.0,150728662.0
1,fused-copy,openssl,1024,8,81.0,169605756.0
1,fused-copy,openssl,1024,9,90.0,190025327.0
1,fused-copy,openssl,16384,0,1.0,36169496.0
1,fused-copy,openssl,16384,1,2.0,76661145.0
1,fused-copy,openssl,16384,2,3.0,121623246.0
1,fused-copy,openssl,16384,3,4.0,158244119.0
1,fused-copy,openssl,16384,4,5.0,188468477.0
1,fused-copy,openssl,16384,5,6.0,222768224.0
1,fused-copy,openssl,16384,6,7.0,262448179.0
1,fused-copy,openssl,16384,7,8.0,300913110.0
1,fused-copy,openssl,16384,8,9.0,335336129.0
1,fused-copy,openssl,16384,9,10.0,370415527.0
1,fused,verified-garbage,1024,0,12.0,19030238.0
1,fused,verified-garbage,1024,1,24.0,37883623.0
1,fused,verified-garbage,1024,2,36.0,57578272.0
1,fused,verified-garbage,1024,3,48.0,76313493.0
1,fused,verified-garbage,1024,4,60.0,95927743.0
1,fused,verified-garbage,1024,5,72.0,123231836.0
1,fused,verified-garbage,1024,6,84.0,139386668.0
1,fused,verified-garbage,1024,7,96.0,159152172.0
1,fused,verified-garbage,1024,8,108.0,171594044.0
1,fused,verified-garbage,1024,9,120.0,191972341.0
1,fused,verified-garbage,16384,0,1.0,27693711.0
1,fused,verified-garbage,16384,1,2.0,55559835.0
1,fused,verified-garbage,16384,2,3.0,83139928.0
1,fused,verified-garbage,16384,3,4.0,111915445.0
1,fused,verified-garbage,16384,4,5.0,137628732.0
1,fused,verified-garbage,16384,5,6.0,167371076.0
1,fused,verified-garbage,16384,6,7.0,193253804.0
1,fused,verified-garbage,16384,7,8.0,235604611.0
1,fused,verified-garbage,16384,8,9.0,250350008.0
1,fused,verified-garbage,16384,9,10.0,277512984.0
1,fused,openssl,1024,0,9.0,19084295.0
1,fused,openssl,1024,1,18.0,38037176.0
1,fused,openssl,1024,2,27.0,56597117.0
1,fused,openssl,1024,3,36.0,76474444.0
1,fused,openssl,1024,4,45.0,94815591.0
1,fused,openssl,1024,5,54.0,113526155.0
1,fused,openssl,1024,6,63.0,133692428.0
1,fused,openssl,1024,7,72.0,153183334.0
1,fused,openssl,1024,8,81.0,172553842.0
1,fused,openssl,1024,9,90.0,193244680.0
1,fused,openssl,16384,0,1.0,36322534.0
1,fused,openssl,16384,1,2.0,71782735.0
1,fused,openssl,16384,2,3.0,108405822.0
1,fused,openssl,16384,3,4.0,150606630.0
1,fused,openssl,16384,4,5.0,185982115.0
1,fused,openssl,16384,5,6.0,219481959.0
1,fused,openssl,16384,6,7.0,263246817.0
1,fused,openssl,16384,7,8.0,298531144.0
1,fused,openssl,16384,8,9.0,336632115.0
1,fused,openssl,16384,9,10.0,380301947.0
1,baseline,verified-garbage,1024,0,9.0,19182404.0
1,baseline,verified-garbage,1024,1,18.0,38382904.0
1,baseline,verified-garbage,1024,2,27.0,58206885.0
1,baseline,verified-garbage,1024,3,36.0,78070353.0
1,baseline,verified-garbage,1024,4,45.0,97780657.0
1,baseline,verified-garbage,1024,5,54.0,114773287.0
1,baseline,verified-garbage,1024,6,63.0,140251586.0
1,baseline,verified-garbage,1024,7,72.0,155886217.0
1,baseline,verified-garbage,1024,8,81.0,168808342.0
1,baseline,verified-garbage,1024,9,90.0,188900056.0
1,baseline,verified-garbage,16384,0,3.0,108936091.0
1,baseline,verified-garbage,16384,1,3.0,108717728.0
1,baseline,verified-garbage,16384,2,3.0,107200049.0
1,baseline,verified-garbage,16384,3,3.0,106195576.0
1,baseline,verified-garbage,16384,4,3.0,109330955.0
1,baseline,verified-garbage,16384,5,3.0,109015218.0
1,baseline,verified-garbage,16384,6,3.0,107978217.0
1,baseline,verified-garbage,16384,7,3.0,109440907.0
1,baseline,verified-garbage,16384,8,3.0,108187016.0
1,baseline,verified-garbage,16384,9,3.0,108492837.0
1,baseline,openssl,1024,0,9.0,18795071.0
1,baseline,openssl,1024,1,18.0,38077480.0
1,baseline,openssl,1024,2,27.0,57153826.0
1,baseline,openssl,1024,3,36.0,76837919.0
1,baseline,openssl,1024,4,45.0,96221309.0
1,baseline,openssl,1024,5,54.0,115075717.0
1,baseline,openssl,1024,6,63.0,136366792.0
1,baseline,openssl,1024,7,72.0,152361768.0
1,baseline,openssl,1024,8,81.0,174744536.0
1,baseline,openssl,1024,9,90.0,196382845.0
1,baseline,openssl,16384,0,3.0,125659924.0
1,baseline,openssl,16384,1,3.0,109252969.0
1,baseline,openssl,16384,2,3.0,107366364.0
1,baseline,openssl,16384,3,3.0,111677590.0
1,baseline,openssl,16384,4,3.0,109076658.0
1,baseline,openssl,16384,5,3.0,107856097.0
1,baseline,openssl,16384,6,3.0,110009587.0
1,baseline,openssl,16384,7,3.0,111015872.0
1,baseline,openssl,16384,8,3.0,115105370.0
1,baseline,openssl,16384,9,3.0,107856057.0
2,fused,verified-garbage,1024,0,12.0,19928722.0
2,fused,verified-garbage,1024,1,24.0,40021535.0
2,fused,verified-garbage,1024,2,36.0,58058356.0
2,fused,verified-garbage,1024,3,48.0,78921897.0
2,fused,verified-garbage,1024,4,60.0,97315643.0
2,fused,verified-garbage,1024,5,72.0,117975385.0
2,fused,verified-garbage,1024,6,84.0,136508185.0
2,fused,verified-garbage,1024,7,96.0,157337868.0
2,fused,verified-garbage,1024,8,108.0,175351652.0
2,fused,verified-garbage,1024,9,120.0,196080535.0
2,fused,verified-garbage,16384,0,1.0,27971796.0
2,fused,verified-garbage,16384,1,2.0,56042153.0
2,fused,verified-garbage,16384,2,3.0,90834394.0
2,fused,verified-garbage,16384,3,4.0,114728680.0
2,fused,verified-garbage,16384,4,5.0,141276875.0
2,fused,verified-garbage,16384,5,6.0,166994821.0
2,fused,verified-garbage,16384,6,7.0,201812866.0
2,fused,verified-garbage,16384,7,8.0,229603819.0
2,fused,verified-garbage,16384,8,9.0,259681568.0
2,fused,verified-garbage,16384,9,10.0,283224840.0
2,fused,openssl,1024,0,9.0,19341866.0
2,fused,openssl,1024,1,18.0,38810878.0
2,fused,openssl,1024,2,27.0,58174426.0
2,fused,openssl,1024,3,36.0,78096789.0
2,fused,openssl,1024,4,45.0,96488051.0
2,fused,openssl,1024,5,54.0,118059388.0
2,fused,openssl,1024,6,63.0,155351555.0
2,fused,openssl,1024,7,72.0,159165756.0
2,fused,openssl,1024,8,81.0,206076113.0
2,fused,openssl,1024,9,90.0,207277225.0
2,fused,openssl,16384,0,3.0,108798681.0
2,fused,openssl,16384,1,3.0,108782226.0
2,fused,openssl,16384,2,3.0,108524696.0
2,fused,openssl,16384,3,3.0,108850547.0
2,fused,openssl,16384,4,3.0,109478555.0
2,fused,openssl,16384,5,3.0,110041665.0
2,fused,openssl,16384,6,3.0,109518934.0
2,fused,openssl,16384,7,3.0,111140077.0
2,fused,openssl,16384,8,3.0,108383567.0
2,fused,openssl,16384,9,3.0,109183609.0
2,fused-copy,verified-garbage,1024,0,11.0,18105634.0
2,fused-copy,verified-garbage,1024,1,22.0,36805966.0
2,fused-copy,verified-garbage,1024,2,33.0,56578812.0
2,fused-copy,verified-garbage,1024,3,44.0,74726559.0
2,fused-copy,verified-garbage,1024,4,55.0,92954584.0
2,fused-copy,verified-garbage,1024,5,66.0,112161754.0
2,fused-copy,verified-garbage,1024,6,77.0,129236145.0
2,fused-copy,verified-garbage,1024,7,88.0,156725996.0
2,fused-copy,verified-garbage,1024,8,99.0,167293500.0
2,fused-copy,verified-garbage,1024,9,110.0,186143833.0
2,fused-copy,verified-garbage,16384,0,1.0,27983339.0
2,fused-copy,verified-garbage,16384,1,2.0,60433695.0
2,fused-copy,verified-garbage,16384,2,3.0,96641097.0
2,fused-copy,verified-garbage,16384,3,4.0,127314319.0
2,fused-copy,verified-garbage,16384,4,5.0,145585667.0
2,fused-copy,verified-garbage,16384,5,6.0,172506467.0
2,fused-copy,verified-garbage,16384,6,7.0,199238008.0
2,fused-copy,verified-garbage,16384,7,8.0,223602745.0
2,fused-copy,verified-garbage,16384,8,9.0,255585880.0
2,fused-copy,verified-garbage,16384,9,10.0,285278072.0
2,fused-copy,openssl,1024,0,9.0,19813746.0
2,fused-copy,openssl,1024,1,18.0,39816781.0
2,fused-copy,openssl,1024,2,27.0,65083119.0
2,fused-copy,openssl,1024,3,36.0,89858222.0
2,fused-copy,openssl,1024,4,45.0,97052674.0
2,fused-copy,openssl,1024,5,54.0,115432694.0
2,fused-copy,openssl,1024,6,63.0,144883019.0
2,fused-copy,openssl,1024,7,72.0,161354040.0
2,fused-copy,openssl,1024,8,81.0,177428715.0
2,fused-copy,openssl,1024,9,90.0,191561193.0
2,fused-copy,openssl,16384,0,3.0,149306456.0
2,fused-copy,openssl,16384,1,3.0,130264691.0
2,fused-copy,openssl,16384,2,3.0,121973517.0
2,fused-copy,openssl,16384,3,3.0,125745889.0
2,fused-copy,openssl,16384,4,3.0,127520499.0
2,fused-copy,openssl,16384,5,3.0,116860198.0
2,fused-copy,openssl,16384,6,3.0,118486705.0
2,fused-copy,openssl,16384,7,3.0,112925578.0
2,fused-copy,openssl,16384,8,3.0,112052920.0
2,fused-copy,openssl,16384,9,3.0,118345061.0
2,baseline,verified-garbage,1024,0,9.0,18839246.0
2,baseline,verified-garbage,1024,1,18.0,37618264.0
2,baseline,verified-garbage,1024,2,27.0,56378754.0
2,baseline,verified-garbage,1024,3,36.0,74415146.0
2,baseline,verified-garbage,1024,4,45.0,94398471.0
2,baseline,verified-garbage,1024,5,54.0,112981018.0
2,baseline,verified-garbage,1024,6,63.0,131851066.0
2,baseline,verified-garbage,1024,7,72.0,155533748.0
2,baseline,verified-garbage,1024,8,81.0,174546682.0
2,baseline,verified-garbage,1024,9,90.0,192827003.0
2,baseline,verified-garbage,16384,0,3.0,114668010.0
2,baseline,verified-garbage,16384,1,3.0,116940355.0
2,baseline,verified-garbage,16384,2,3.0,115645393.0
2,baseline,verified-garbage,16384,3,3.0,118431036.0
2,baseline,verified-garbage,16384,4,3.0,129487040.0
2,baseline,verified-garbage,16384,5,3.0,115186326.0
2,baseline,verified-garbage,16384,6,3.0,112858047.0
2,baseline,verified-garbage,16384,7,3.0,112610732.0
2,baseline,verified-garbage,16384,8,3.0,113920010.0
2,baseline,verified-garbage,16384,9,3.0,108352364.0
2,baseline,openssl,1024,0,9.0,19264204.0
2,baseline,openssl,1024,1,18.0,39055506.0
2,baseline,openssl,1024,2,27.0,58666022.0
2,baseline,openssl,1024,3,36.0,78228917.0
2,baseline,openssl,1024,4,45.0,98562469.0
2,baseline,openssl,1024,5,54.0,117947302.0
2,baseline,openssl,1024,6,63.0,137872201.0
2,baseline,openssl,1024,7,72.0,157148823.0
2,baseline,openssl,1024,8,81.0,179514907.0
2,baseline,openssl,1024,9,90.0,197815288.0
2,baseline,openssl,16384,0,3.0,109798099.0
2,baseline,openssl,16384,1,3.0,110202486.0
2,baseline,openssl,16384,2,3.0,108356240.0
2,baseline,openssl,16384,3,3.0,110150730.0
2,baseline,openssl,16384,4,3.0,109884387.0
2,baseline,openssl,16384,5,3.0,110497091.0
2,baseline,openssl,16384,6,3.0,112947810.0
2,baseline,openssl,16384,7,3.0,112102692.0
2,baseline,openssl,16384,8,3.0,111687939.0
2,baseline,openssl,16384,9,3.0,111674169.0
2,direct,verified-garbage,1024,0,11.0,19577937.0
2,direct,verified-garbage,1024,1,22.0,44606302.0
2,direct,verified-garbage,1024,2,33.0,60474051.0
2,direct,verified-garbage,1024,3,44.0,77699976.0
2,direct,verified-garbage,1024,4,55.0,96910209.0
2,direct,verified-garbage,1024,5,66.0,116118551.0
2,direct,verified-garbage,1024,6,77.0,136361771.0
2,direct,verified-garbage,1024,7,88.0,156826327.0
2,direct,verified-garbage,1024,8,99.0,173535058.0
2,direct,verified-garbage,1024,9,110.0,196253072.0
2,direct,verified-garbage,16384,0,1.0,30380419.0
2,direct,verified-garbage,16384,1,2.0,61553048.0
2,direct,verified-garbage,16384,2,3.0,91863142.0
2,direct,verified-garbage,16384,3,4.0,120541549.0
2,direct,verified-garbage,16384,4,5.0,149026939.0
2,direct,verified-garbage,16384,5,6.0,181624131.0
2,direct,verified-garbage,16384,6,7.0,210305411.0
2,direct,verified-garbage,16384,7,8.0,242958866.0
2,direct,verified-garbage,16384,8,9.0,273401247.0
2,direct,verified-garbage,16384,9,10.0,301822853.0
2,direct,openssl,1024,0,9.0,20366693.0
2,direct,openssl,1024,1,18.0,37974402.0
2,direct,openssl,1024,2,27.0,57800316.0
2,direct,openssl,1024,3,36.0,77290946.0
2,direct,openssl,1024,4,45.0,113008565.0
2,direct,openssl,1024,5,54.0,116359143.0
2,direct,openssl,1024,6,63.0,135127916.0
2,direct,openssl,1024,7,72.0,154481989.0
2,direct,openssl,1024,8,81.0,172566707.0
2,direct,openssl,1024,9,90.0,191049738.0
2,direct,openssl,16384,0,1.0,36264357.0
2,direct,openssl,16384,1,2.0,71411605.0
2,direct,openssl,16384,2,3.0,108558425.0
2,direct,openssl,16384,3,4.0,151785161.0
2,direct,openssl,16384,4,5.0,180606569.0
2,direct,openssl,16384,5,6.0,217898754.0
2,direct,openssl,16384,6,7.0,252345336.0
2,direct,openssl,16384,7,8.0,285782068.0
2,direct,openssl,16384,8,9.0,323610254.0
2,direct,openssl,16384,9,10.0,370726279.0
3,baseline,verified-garbage,1024,0,9.0,21580375.0
3,baseline,verified-garbage,1024,1,18.0,39772586.0
3,baseline,verified-garbage,1024,2,27.0,57492670.0
3,baseline,verified-garbage,1024,3,36.0,75647115.0
3,baseline,verified-garbage,1024,4,45.0,95623000.0
3,baseline,verified-garbage,1024,5,54.0,114151739.0
3,baseline,verified-garbage,1024,6,63.0,136515399.0
3,baseline,verified-garbage,1024,7,72.0,153139015.0
3,baseline,verified-garbage,1024,8,81.0,171189327.0
3,baseline,verified-garbage,1024,9,90.0,190077696.0
3,baseline,verified-garbage,16384,0,3.0,112071105.0
3,baseline,verified-garbage,16384,1,3.0,112219364.0
3,baseline,verified-garbage,16384,2,3.0,114281670.0
3,baseline,verified-garbage,16384,3,3.0,109605423.0
3,baseline,verified-garbage,16384,4,3.0,108588922.0
3,baseline,verified-garbage,16384,5,3.0,109423134.0
3,baseline,verified-garbage,16384,6,3.0,107472152.0
3,baseline,verified-garbage,16384,7,3.0,112031116.0
3,baseline,verified-garbage,16384,8,3.0,112182439.0
3,baseline,verified-garbage,16384,9,3.0,113937812.0
3,baseline,openssl,1024,0,9.0,18917513.0
3,baseline,openssl,1024,1,18.0,38393229.0
3,baseline,openssl,1024,2,27.0,57464619.0
3,baseline,openssl,1024,3,36.0,76436201.0
3,baseline,openssl,1024,4,45.0,94793536.0
3,baseline,openssl,1024,5,54.0,115077590.0
3,baseline,openssl,1024,6,63.0,131855307.0
3,baseline,openssl,1024,7,72.0,153166075.0
3,baseline,openssl,1024,8,81.0,171621794.0
3,baseline,openssl,1024,9,90.0,195459945.0
3,baseline,openssl,16384,0,3.0,118705469.0
3,baseline,openssl,16384,1,3.0,132971731.0
3,baseline,openssl,16384,2,3.0,144219250.0
3,baseline,openssl,16384,3,3.0,123239163.0
3,baseline,openssl,16384,4,3.0,119345439.0
3,baseline,openssl,16384,5,3.0,116169630.0
3,baseline,openssl,16384,6,3.0,119345179.0
3,baseline,openssl,16384,7,3.0,114067937.0
3,baseline,openssl,16384,8,3.0,118740406.0
3,baseline,openssl,16384,9,3.0,113217751.0
3,fused-copy,verified-garbage,1024,0,11.0,18416023.0
3,fused-copy,verified-garbage,1024,1,22.0,38041513.0
3,fused-copy,verified-garbage,1024,2,33.0,55232327.0
3,fused-copy,verified-garbage,1024,3,44.0,74008993.0
3,fused-copy,verified-garbage,1024,4,55.0,92684901.0
3,fused-copy,verified-garbage,1024,5,66.0,109596823.0
3,fused-copy,verified-garbage,1024,6,77.0,127850057.0
3,fused-copy,verified-garbage,1024,7,88.0,149211560.0
3,fused-copy,verified-garbage,1024,8,99.0,169256278.0
3,fused-copy,verified-garbage,1024,9,110.0,184305191.0
3,fused-copy,verified-garbage,16384,0,1.0,29328918.0
3,fused-copy,verified-garbage,16384,1,2.0,60222396.0
3,fused-copy,verified-garbage,16384,2,3.0,87696165.0
3,fused-copy,verified-garbage,16384,3,4.0,115438480.0
3,fused-copy,verified-garbage,16384,4,5.0,144568453.0
3,fused-copy,verified-garbage,16384,5,6.0,172005678.0
3,fused-copy,verified-garbage,16384,6,7.0,210312692.0
3,fused-copy,verified-garbage,16384,7,8.0,238092208.0
3,fused-copy,verified-garbage,16384,8,9.0,255745033.0
3,fused-copy,verified-garbage,16384,9,10.0,291244422.0
3,fused-copy,openssl,1024,0,9.0,20129604.0
3,fused-copy,openssl,1024,1,18.0,39005427.0
3,fused-copy,openssl,1024,2,27.0,59886369.0
3,fused-copy,openssl,1024,3,36.0,79391541.0
3,fused-copy,openssl,1024,4,45.0,100970446.0
3,fused-copy,openssl,1024,5,54.0,126693339.0
3,fused-copy,openssl,1024,6,63.0,141467154.0
3,fused-copy,openssl,1024,7,72.0,157610692.0
3,fused-copy,openssl,1024,8,81.0,180076836.0
3,fused-copy,openssl,1024,9,90.0,198120250.0
3,fused-copy,openssl,16384,0,3.0,125090940.0
3,fused-copy,openssl,16384,1,3.0,116975205.0
3,fused-copy,openssl,16384,2,3.0,116653891.0
3,fused-copy,openssl,16384,3,3.0,119977919.0
3,fused-copy,openssl,16384,4,3.0,117370870.0
3,fused-copy,openssl,16384,5,3.0,115935390.0
3,fused-copy,openssl,16384,6,3.0,120514882.0
3,fused-copy,openssl,16384,7,3.0,112728344.0
3,fused-copy,openssl,16384,8,3.0,116977999.0
3,fused-copy,openssl,16384,9,3.0,117724102.0
3,direct,verified-garbage,1024,0,10.0,19964388.0
3,direct,verified-garbage,1024,1,20.0,36248873.0
3,direct,verified-garbage,1024,2,30.0,55490784.0
3,direct,verified-garbage,1024,3,40.0,73460437.0
3,direct,verified-garbage,1024,4,50.0,93542829.0
3,direct,verified-garbage,1024,5,60.0,109986288.0
3,direct,verified-garbage,1024,6,70.0,129062786.0
3,direct,verified-garbage,1024,7,80.0,148783744.0
3,direct,verified-garbage,1024,8,90.0,168415191.0
3,direct,verified-garbage,1024,9,100.0,201296391.0
3,direct,verified-garbage,16384,0,1.0,31581020.0
3,direct,verified-garbage,16384,1,2.0,64783406.0
3,direct,verified-garbage,16384,2,3.0,100006423.0
3,direct,verified-garbage,16384,3,4.0,130763276.0
3,direct,verified-garbage,16384,4,5.0,162388553.0
3,direct,verified-garbage,16384,5,6.0,194114617.0
3,direct,verified-garbage,16384,6,7.0,226715899.0
3,direct,verified-garbage,16384,7,8.0,252041548.0
3,direct,verified-garbage,16384,8,9.0,281444358.0
3,direct,verified-garbage,16384,9,10.0,309225322.0
3,direct,openssl,1024,0,9.0,19954333.0
3,direct,openssl,1024,1,18.0,39699097.0
3,direct,openssl,1024,2,27.0,59659298.0
3,direct,openssl,1024,3,36.0,78183571.0
3,direct,openssl,1024,4,45.0,100901715.0
3,direct,openssl,1024,5,54.0,118455123.0
3,direct,openssl,1024,6,63.0,136997251.0
3,direct,openssl,1024,7,72.0,156907530.0
3,direct,openssl,1024,8,81.0,178917529.0
3,direct,openssl,1024,9,90.0,197787249.0
3,direct,openssl,16384,0,3.0,117335450.0
3,direct,openssl,16384,1,3.0,111740649.0
3,direct,openssl,16384,2,3.0,113032136.0
3,direct,openssl,16384,3,3.0,115050133.0
3,direct,openssl,16384,4,3.0,132072159.0
3,direct,openssl,16384,5,3.0,142262625.0
3,direct,openssl,16384,6,3.0,110400657.0
3,direct,openssl,16384,7,3.0,108849698.0
3,direct,openssl,16384,8,3.0,108948243.0
3,direct,openssl,16384,9,3.0,111885200.0
3,fused,verified-garbage,1024,0,11.0,17723492.0
3,fused,verified-garbage,1024,1,22.0,35332515.0
3,fused,verified-garbage,1024,2,33.0,52816244.0
3,fused,verified-garbage,1024,3,44.0,70831856.0
3,fused,verified-garbage,1024,4,55.0,88923703.0
3,fused,verified-garbage,1024,5,66.0,106891235.0
3,fused,verified-garbage,1024,6,77.0,124835362.0
3,fused,verified-garbage,1024,7,88.0,140738096.0
3,fused,verified-garbage,1024,8,99.0,161142587.0
3,fused,verified-garbage,1024,9,110.0,180697534.0
3,fused,verified-garbage,16384,0,1.0,29995814.0
3,fused,verified-garbage,16384,1,2.0,62580722.0
3,fused,verified-garbage,16384,2,3.0,87421144.0
3,fused,verified-garbage,16384,3,4.0,113301571.0
3,fused,verified-garbage,16384,4,5.0,143116979.0
3,fused,verified-garbage,16384,5,6.0,168613679.0
3,fused,verified-garbage,16384,6,7.0,196654547.0
3,fused,verified-garbage,16384,7,8.0,224084392.0
3,fused,verified-garbage,16384,8,9.0,254514507.0
3,fused,verified-garbage,16384,9,10.0,280992718.0
3,fused,openssl,1024,0,8.0,18077465.0
3,fused,openssl,1024,1,16.0,35738625.0
3,fused,openssl,1024,2,24.0,55203788.0
3,fused,openssl,1024,3,32.0,75187559.0
3,fused,openssl,1024,4,40.0,98425364.0
3,fused,openssl,1024,5,48.0,111608691.0
3,fused,openssl,1024,6,56.0,129777991.0
3,fused,openssl,1024,7,64.0,151723819.0
3,fused,openssl,1024,8,72.0,163114880.0
3,fused,openssl,1024,9,80.0,181916103.0
3,fused,openssl,16384,0,3.0,110314290.0
3,fused,openssl,16384,1,3.0,111678574.0
3,fused,openssl,16384,2,3.0,111462605.0
3,fused,openssl,16384,3,3.0,112126265.0
3,fused,openssl,16384,4,3.0,110493074.0
3,fused,openssl,16384,5,3.0,111008825.0
3,fused,openssl,16384,6,3.0,109039577.0
3,fused,openssl,16384,7,3.0,112117742.0
3,fused,openssl,16384,8,3.0,108779400.0
3,fused,openssl,16384,9,3.0,110560094.0
4,direct,verified-garbage,1024,0,11.0,19887276.0
4,direct,verified-garbage,1024,1,22.0,39521248.0
4,direct,verified-garbage,1024,2,33.0,60748695.0
4,direct,verified-garbage,1024,3,44.0,77146398.0
4,direct,verified-garbage,1024,4,55.0,97933113.0
4,direct,verified-garbage,1024,5,66.0,117518954.0
4,direct,verified-garbage,1024,6,77.0,139257754.0
4,direct,verified-garbage,1024,7,88.0,153884373.0
4,direct,verified-garbage,1024,8,99.0,174374710.0
4,direct,verified-garbage,1024,9,110.0,196691084.0
4,direct,verified-garbage,16384,0,1.0,30518850.0
4,direct,verified-garbage,16384,1,2.0,60909471.0
4,direct,verified-garbage,16384,2,3.0,90791579.0
4,direct,verified-garbage,16384,3,4.0,120869447.0
4,direct,verified-garbage,16384,4,5.0,150969468.0
4,direct,verified-garbage,16384,5,6.0,182591578.0
4,direct,verified-garbage,16384,6,7.0,222044916.0
4,direct,verified-garbage,16384,7,8.0,244361168.0
4,direct,verified-garbage,16384,8,9.0,277002972.0
4,direct,verified-garbage,16384,9,10.0,303562095.0
4,direct,openssl,1024,0,9.0,20191859.0
4,direct,openssl,1024,1,18.0,38515048.0
4,direct,openssl,1024,2,27.0,56364287.0
4,direct,openssl,1024,3,36.0,77221529.0
4,direct,openssl,1024,4,45.0,95436269.0
4,direct,openssl,1024,5,54.0,115299832.0
4,direct,openssl,1024,6,63.0,135887175.0
4,direct,openssl,1024,7,72.0,155032559.0
4,direct,openssl,1024,8,81.0,171940338.0
4,direct,openssl,1024,9,90.0,193306551.0
4,direct,openssl,16384,0,3.0,108956689.0
4,direct,openssl,16384,1,3.0,108881178.0
4,direct,openssl,16384,2,3.0,109787806.0
4,direct,openssl,16384,3,3.0,112557135.0
4,direct,openssl,16384,4,3.0,110541259.0
4,direct,openssl,16384,5,3.0,109409267.0
4,direct,openssl,16384,6,3.0,109637254.0
4,direct,openssl,16384,7,3.0,114658319.0
4,direct,openssl,16384,8,3.0,111415449.0
4,direct,openssl,16384,9,3.0,113416555.0
4,fused-copy,verified-garbage,1024,0,12.0,19293000.0
4,fused-copy,verified-garbage,1024,1,24.0,38893513.0
4,fused-copy,verified-garbage,1024,2,36.0,58616947.0
4,fused-copy,verified-garbage,1024,3,48.0,78262477.0
4,fused-copy,verified-garbage,1024,4,60.0,97427207.0
4,fused-copy,verified-garbage,1024,5,72.0,117211080.0
4,fused-copy,verified-garbage,1024,6,84.0,136115075.0
4,fused-copy,verified-garbage,1024,7,96.0,157115236.0
4,fused-copy,verified-garbage,1024,8,108.0,177821111.0
4,fused-copy,verified-garbage,1024,9,120.0,204045154.0
4,fused-copy,verified-garbage,16384,0,1.0,27975466.0
4,fused-copy,verified-garbage,16384,1,2.0,58426828.0
4,fused-copy,verified-garbage,16384,2,3.0,101489666.0
4,fused-copy,verified-garbage,16384,3,4.0,135213420.0
4,fused-copy,verified-garbage,16384,4,5.0,157985532.0
4,fused-copy,verified-garbage,16384,5,6.0,188038955.0
4,fused-copy,verified-garbage,16384,6,7.0,210336957.0
4,fused-copy,verified-garbage,16384,7,8.0,243286799.0
4,fused-copy,verified-garbage,16384,8,9.0,275913093.0
4,fused-copy,verified-garbage,16384,9,10.0,301061524.0
4,fused-copy,openssl,1024,0,9.0,19184740.0
4,fused-copy,openssl,1024,1,18.0,37761621.0
4,fused-copy,openssl,1024,2,27.0,56983365.0
4,fused-copy,openssl,1024,3,36.0,75792550.0
4,fused-copy,openssl,1024,4,45.0,96989100.0
4,fused-copy,openssl,1024,5,54.0,115964570.0
4,fused-copy,openssl,1024,6,63.0,138302625.0
4,fused-copy,openssl,1024,7,72.0,163068386.0
4,fused-copy,openssl,1024,8,81.0,181473244.0
4,fused-copy,openssl,1024,9,90.0,191519979.0
4,fused-copy,openssl,16384,0,3.0,114188139.0
4,fused-copy,openssl,16384,1,3.0,110826014.0
4,fused-copy,openssl,16384,2,3.0,112050382.0
4,fused-copy,openssl,16384,3,3.0,115788333.0
4,fused-copy,openssl,16384,4,3.0,112148797.0
4,fused-copy,openssl,16384,5,3.0,114856316.0
4,fused-copy,openssl,16384,6,3.0,111765501.0
4,fused-copy,openssl,16384,7,3.0,118023915.0
4,fused-copy,openssl,16384,8,3.0,114932218.0
4,fused-copy,openssl,16384,9,3.0,114097075.0
4,baseline,verified-garbage,1024,0,8.0,18221659.0
4,baseline,verified-garbage,1024,1,16.0,35397091.0
4,baseline,verified-garbage,1024,2,24.0,53638980.0
4,baseline,verified-garbage,1024,3,32.0,70839981.0
4,baseline,verified-garbage,1024,4,40.0,98982733.0
4,baseline,verified-garbage,1024,5,48.0,111976337.0
4,baseline,verified-garbage,1024,6,56.0,130961953.0
4,baseline,verified-garbage,1024,7,64.0,149420322.0
4,baseline,verified-garbage,1024,8,72.0,151661240.0
4,baseline,verified-garbage,1024,9,80.0,172669663.0
4,baseline,verified-garbage,16384,0,3.0,108940815.0
4,baseline,verified-garbage,16384,1,3.0,112727756.0
4,baseline,verified-garbage,16384,2,3.0,109968612.0
4,baseline,verified-garbage,16384,3,3.0,111829570.0
4,baseline,verified-garbage,16384,4,3.0,109205345.0
4,baseline,verified-garbage,16384,5,3.0,112920351.0
4,baseline,verified-garbage,16384,6,3.0,109335347.0
4,baseline,verified-garbage,16384,7,3.0,112249831.0
4,baseline,verified-garbage,16384,8,3.0,109986949.0
4,baseline,verified-garbage,16384,9,3.0,111575896.0
4,baseline,openssl,1024,0,9.0,19016452.0
4,baseline,openssl,1024,1,18.0,38198328.0
4,baseline,openssl,1024,2,27.0,56518271.0
4,baseline,openssl,1024,3,36.0,75779785.0
4,baseline,openssl,1024,4,45.0,94773634.0
4,baseline,openssl,1024,5,54.0,114037210.0
4,baseline,openssl,1024,6,63.0,132981526.0
4,baseline,openssl,1024,7,72.0,151789911.0
4,baseline,openssl,1024,8,81.0,170457357.0
4,baseline,openssl,1024,9,90.0,189546506.0
4,baseline,openssl,16384,0,3.0,114196510.0
4,baseline,openssl,16384,1,3.0,111919929.0
4,baseline,openssl,16384,2,3.0,112801581.0
4,baseline,openssl,16384,3,3.0,114960729.0
4,baseline,openssl,16384,4,3.0,109013026.0
4,baseline,openssl,16384,5,3.0,109658679.0
4,baseline,openssl,16384,6,3.0,109974857.0
4,baseline,openssl,16384,7,3.0,108994329.0
4,baseline,openssl,16384,8,3.0,112215516.0
4,baseline,openssl,16384,9,3.0,110042036.0
4,fused,verified-garbage,1024,0,11.0,19973944.0
4,fused,verified-garbage,1024,1,22.0,37231038.0
4,fused,verified-garbage,1024,2,33.0,53674178.0
4,fused,verified-garbage,1024,3,44.0,74745873.0
4,fused,verified-garbage,1024,4,55.0,92090055.0
4,fused,verified-garbage,1024,5,66.0,110809265.0
4,fused,verified-garbage,1024,6,77.0,128222950.0
4,fused,verified-garbage,1024,7,88.0,155746642.0
4,fused,verified-garbage,1024,8,99.0,169204014.0
4,fused,verified-garbage,1024,9,110.0,186328321.0
4,fused,verified-garbage,16384,0,1.0,29286345.0
4,fused,verified-garbage,16384,1,2.0,57675347.0
4,fused,verified-garbage,16384,2,3.0,88957227.0
4,fused,verified-garbage,16384,3,4.0,122799613.0
4,fused,verified-garbage,16384,4,5.0,152556071.0
4,fused,verified-garbage,16384,5,6.0,183234732.0
4,fused,verified-garbage,16384,6,7.0,216636796.0
4,fused,verified-garbage,16384,7,8.0,242132665.0
4,fused,verified-garbage,16384,8,9.0,254433018.0
4,fused,verified-garbage,16384,9,10.0,281980025.0
4,fused,openssl,1024,0,9.0,20330281.0
4,fused,openssl,1024,1,18.0,41657564.0
4,fused,openssl,1024,2,27.0,63729075.0
4,fused,openssl,1024,3,36.0,81342194.0
4,fused,openssl,1024,4,45.0,100636054.0
4,fused,openssl,1024,5,54.0,120582258.0
4,fused,openssl,1024,6,63.0,143628699.0
4,fused,openssl,1024,7,72.0,163088044.0
4,fused,openssl,1024,8,81.0,181774827.0
4,fused,openssl,1024,9,90.0,203079236.0
4,fused,openssl,16384,0,3.0,112473653.0
4,fused,openssl,16384,1,3.0,113985044.0
4,fused,openssl,16384,2,3.0,119201487.0
4,fused,openssl,16384,3,3.0,124960721.0
4,fused,openssl,16384,4,3.0,119865598.0
4,fused,openssl,16384,5,3.0,117488117.0
4,fused,openssl,16384,6,3.0,117165802.0
4,fused,openssl,16384,7,3.0,113196390.0
4,fused,openssl,16384,8,3.0,116568639.0
4,fused,openssl,16384,9,3.0,114163188.0
