round,variant,N,r,iterations,ns_per_op
0,schedule,1024,8,20,1927441.950
0,baseline,1024,8,20,2053932.300
0,mul,1024,8,20,1850006.100
0,inline,1024,8,20,1863803.000
1,baseline,1024,8,20,2175710.150
1,mul,1024,8,20,1840199.600
1,schedule,1024,8,20,1877826.700
1,inline,1024,8,20,1900401.500
2,inline,1024,8,20,1857722.500
2,baseline,1024,8,20,2063108.800
2,schedule,1024,8,20,1948811.500
2,mul,1024,8,20,1862000.850
3,baseline,1024,8,20,2068404.150
3,mul,1024,8,20,1861331.800
3,inline,1024,8,20,1819100.950
3,schedule,1024,8,20,1936136.350
4,inline,1024,8,20,1872293.550
4,baseline,1024,8,20,2079648.750
4,mul,1024,8,20,1832625.450
4,schedule,1024,8,20,1989644.850
5,inline,1024,8,20,1887209.100
5,baseline,1024,8,20,2101360.350
5,mul,1024,8,20,1857167.250
5,schedule,1024,8,20,1935042.700
6,schedule,1024,8,20,1906369.350
6,baseline,1024,8,20,2121580.200
6,inline,1024,8,20,1876056.650
6,mul,1024,8,20,1827028.700
7,schedule,1024,8,20,1893665.600
7,inline,1024,8,20,1894064.700
7,baseline,1024,8,20,2204052.500
7,mul,1024,8,20,1859997.400
8,baseline,1024,8,20,2317560.150
8,schedule,1024,8,20,1890614.600
8,inline,1024,8,20,1862455.550
8,mul,1024,8,20,1833849.750
9,mul,1024,8,20,1934304.650
9,inline,1024,8,20,1902064.500
9,baseline,1024,8,20,2083510.450
9,schedule,1024,8,20,1891390.250
10,schedule,1024,8,20,1856990.950
10,mul,1024,8,20,1831946.000
10,baseline,1024,8,20,2090897.900
10,inline,1024,8,20,1890871.950
11,schedule,1024,8,20,1904410.000
11,inline,1024,8,20,1848585.550
11,baseline,1024,8,20,2094714.050
11,mul,1024,8,20,1846009.200
12,inline,1024,8,20,1916435.700
12,mul,1024,8,20,1827879.950
12,schedule,1024,8,20,1893582.500
12,baseline,1024,8,20,2074227.750
13,schedule,1024,8,20,1881022.950
13,inline,1024,8,20,1833069.100
13,baseline,1024,8,20,2088102.800
13,mul,1024,8,20,1840724.400
14,inline,1024,8,20,1956571.000
14,baseline,1024,8,20,2072775.650
14,mul,1024,8,20,1811922.900
14,schedule,1024,8,20,1888658.250
15,schedule,1024,8,20,1868694.200
15,inline,1024,8,20,1825606.600
15,baseline,1024,8,20,2077154.600
15,mul,1024,8,20,1841532.100
16,schedule,1024,8,20,1881743.500
16,mul,1024,8,20,1855090.150
16,inline,1024,8,20,1836931.300
16,baseline,1024,8,20,2069844.500
17,schedule,1024,8,20,1899206.900
17,inline,1024,8,20,1845292.250
17,baseline,1024,8,20,2084737.950
17,mul,1024,8,20,1826066.300
18,mul,1024,8,20,1846936.150
18,baseline,1024,8,20,2078319.500
18,inline,1024,8,20,1917880.950
18,schedule,1024,8,20,1942241.950
19,mul,1024,8,20,1822066.400
19,schedule,1024,8,20,1871660.200
19,baseline,1024,8,20,2070916.550
19,inline,1024,8,20,1830987.600
20,baseline,1024,8,20,2099608.450
20,mul,1024,8,20,1856205.350
20,inline,1024,8,20,1945587.850
20,schedule,1024,8,20,1883444.100
0,mul,16384,8,3,34587129.000
0,baseline,16384,8,3,37739679.667
0,schedule,16384,8,3,34641208.667
0,inline,16384,8,3,33220790.333
1,mul,16384,8,3,35400801.000
1,schedule,16384,8,3,36385813.000
1,baseline,16384,8,3,37844214.333
1,inline,16384,8,3,33343972.333
2,baseline,16384,8,3,37851548.333
2,mul,16384,8,3,32774270.667
2,inline,16384,8,3,33519852.000
2,schedule,16384,8,3,34931017.000
3,inline,16384,8,3,33813886.333
3,baseline,16384,8,3,39722415.667
3,schedule,16384,8,3,34044971.333
3,mul,16384,8,3,36624125.000
4,inline,16384,8,3,34483569.333
4,schedule,16384,8,3,34329999.000
4,baseline,16384,8,3,38657717.667
4,mul,16384,8,3,32735249.667
5,mul,16384,8,3,31598693.667
5,inline,16384,8,3,32762673.333
5,schedule,16384,8,3,32547266.667
5,baseline,16384,8,3,35799465.667
6,baseline,16384,8,3,36450871.000
6,mul,16384,8,3,31906976.667
6,inline,16384,8,3,32291925.333
6,schedule,16384,8,3,32648759.333
7,mul,16384,8,3,31127041.667
7,baseline,16384,8,3,36089060.000
7,schedule,16384,8,3,33125055.667
7,inline,16384,8,3,33168710.333
8,baseline,16384,8,3,36581393.667
8,schedule,16384,8,3,31799888.667
8,mul,16384,8,3,31354170.667
8,inline,16384,8,3,32443853.000
9,mul,16384,8,3,31232507.333
9,schedule,16384,8,3,32335109.333
9,baseline,16384,8,3,36760785.333
9,inline,16384,8,3,32252817.333
10,schedule,16384,8,3,32645227.000
10,mul,16384,8,3,32313116.667
10,baseline,16384,8,3,35434186.333
10,inline,16384,8,3,33218707.333
11,schedule,16384,8,3,33570840.667
11,mul,16384,8,3,31442190.333
11,baseline,16384,8,3,36027639.333
11,inline,16384,8,3,32226746.000
12,mul,16384,8,3,32449348.000
12,schedule,16384,8,3,32698298.667
12,inline,16384,8,3,33228956.000
12,baseline,16384,8,3,37582505.667
13,mul,16384,8,3,33522489.667
13,baseline,16384,8,3,36933494.000
13,inline,16384,8,3,33580051.333
13,schedule,16384,8,3,33605952.667
14,baseline,16384,8,3,37089190.333
14,schedule,16384,8,3,33097668.667
14,mul,16384,8,3,32292730.000
14,inline,16384,8,3,33414773.667
15,mul,16384,8,3,33258867.000
15,baseline,16384,8,3,37914329.333
15,inline,16384,8,3,33828211.000
15,schedule,16384,8,3,34108598.333
16,baseline,16384,8,3,37818567.667
16,inline,16384,8,3,39593208.667
16,mul,16384,8,3,35584394.667
16,schedule,16384,8,3,34526771.000
17,inline,16384,8,3,33526347.333
17,mul,16384,8,3,33145327.667
17,baseline,16384,8,3,37540088.667
17,schedule,16384,8,3,33325306.667
18,schedule,16384,8,3,34306023.667
18,baseline,16384,8,3,37805924.667
18,mul,16384,8,3,34332307.667
18,inline,16384,8,3,34111107.667
19,schedule,16384,8,3,33567364.333
19,inline,16384,8,3,33578604.333
19,mul,16384,8,3,32771829.667
19,baseline,16384,8,3,37658443.333
20,baseline,16384,8,3,37010116.000
20,mul,16384,8,3,32235717.667
20,inline,16384,8,3,33655140.667
20,schedule,16384,8,3,33783266.667
0,baseline,65536,8,1,156110585.000
0,inline,65536,8,1,146092804.000
0,schedule,65536,8,1,144016898.000
0,mul,65536,8,1,136343304.000
1,baseline,65536,8,1,156586473.000
1,inline,65536,8,1,144891460.000
1,schedule,65536,8,1,142201967.000
1,mul,65536,8,1,136251819.000
2,schedule,65536,8,1,140902017.000
2,inline,65536,8,1,139452416.000
2,baseline,65536,8,1,155057444.000
2,mul,65536,8,1,137085890.000
3,inline,65536,8,1,143059504.000
3,schedule,65536,8,1,149226963.000
3,baseline,65536,8,1,163209064.000
3,mul,65536,8,1,140320418.000
4,schedule,65536,8,1,189592672.000
4,inline,65536,8,1,142644391.000
4,baseline,65536,8,1,154713687.000
4,mul,65536,8,1,137660209.000
5,mul,65536,8,1,135381273.000
5,baseline,65536,8,1,163470900.000
5,inline,65536,8,1,145602400.000
5,schedule,65536,8,1,149303687.000
6,baseline,65536,8,1,158563593.000
6,mul,65536,8,1,138049775.000
6,inline,65536,8,1,140662693.000
6,schedule,65536,8,1,143955848.000
7,baseline,65536,8,1,155323697.000
7,mul,65536,8,1,137885282.000
7,inline,65536,8,1,144252636.000
7,schedule,65536,8,1,151387374.000
8,inline,65536,8,1,143393296.000
8,schedule,65536,8,1,144969955.000
8,baseline,65536,8,1,163077269.000
8,mul,65536,8,1,136254833.000
9,inline,65536,8,1,141726926.000
9,mul,65536,8,1,137002212.000
9,baseline,65536,8,1,164599393.000
9,schedule,65536,8,1,143477188.000
10,mul,65536,8,1,158120754.000
10,baseline,65536,8,1,154673283.000
10,inline,65536,8,1,142149758.000
10,schedule,65536,8,1,143391712.000
11,schedule,65536,8,1,139887207.000
11,mul,65536,8,1,136744895.000
11,inline,65536,8,1,138878627.000
11,baseline,65536,8,1,189272893.000
12,mul,65536,8,1,141615047.000
12,baseline,65536,8,1,161553685.000
12,inline,65536,8,1,158890281.000
12,schedule,65536,8,1,168299778.000
13,baseline,65536,8,1,157356556.000
13,schedule,65536,8,1,142830844.000
13,inline,65536,8,1,140972660.000
13,mul,65536,8,1,136189124.000
14,schedule,65536,8,1,142602427.000
14,inline,65536,8,1,142598060.000
14,baseline,65536,8,1,155832050.000
14,mul,65536,8,1,150369116.000
15,mul,65536,8,1,148972965.000
15,baseline,65536,8,1,178317723.000
15,schedule,65536,8,1,153148907.000
15,inline,65536,8,1,141424316.000
16,baseline,65536,8,1,156598156.000
16,mul,65536,8,1,144446750.000
16,schedule,65536,8,1,146202263.000
16,inline,65536,8,1,144342626.000
17,inline,65536,8,1,142166383.000
17,baseline,65536,8,1,158151190.000
17,mul,65536,8,1,137784580.000
17,schedule,65536,8,1,142712940.000
18,inline,65536,8,1,144576061.000
18,baseline,65536,8,1,156047473.000
18,mul,65536,8,1,139333118.000
18,schedule,65536,8,1,143495164.000
19,mul,65536,8,1,136960234.000
19,baseline,65536,8,1,154171602.000
19,schedule,65536,8,1,142181745.000
19,inline,65536,8,1,145643978.000
20,mul,65536,8,1,145434198.000
20,schedule,65536,8,1,163690020.000
20,inline,65536,8,1,149954073.000
20,baseline,65536,8,1,164357426.000
