run,library,N,sample,iterations,elapsed_ns
0-mul,openssl,1024,0,8.0,17715692.0
0-mul,openssl,1024,1,16.0,36329902.0
0-mul,openssl,1024,2,24.0,53815385.0
0-mul,openssl,1024,3,32.0,73868970.0
0-mul,openssl,1024,4,40.0,88772850.0
0-mul,openssl,1024,5,48.0,112563154.0
0-mul,openssl,1024,6,56.0,130067324.0
0-mul,openssl,1024,7,64.0,148631349.0
0-mul,openssl,1024,8,72.0,165273206.0
0-mul,openssl,1024,9,80.0,177875668.0
0-mul,openssl,16384,0,3.0,112868394.0
0-mul,openssl,16384,1,3.0,113013298.0
0-mul,openssl,16384,2,3.0,121065450.0
0-mul,openssl,16384,3,3.0,111464972.0
0-mul,openssl,16384,4,3.0,116299522.0
0-mul,openssl,16384,5,3.0,112560760.0
0-mul,openssl,16384,6,3.0,118178977.0
0-mul,openssl,16384,7,3.0,115500491.0
0-mul,openssl,16384,8,3.0,115822166.0
0-mul,openssl,16384,9,3.0,116446829.0
0-mul,verified-garbage,1024,0,10.0,19809825.0
0-mul,verified-garbage,1024,1,20.0,39315872.0
0-mul,verified-garbage,1024,2,30.0,58178728.0
0-mul,verified-garbage,1024,3,40.0,79885335.0
0-mul,verified-garbage,1024,4,50.0,99258686.0
0-mul,verified-garbage,1024,5,60.0,119169951.0
0-mul,verified-garbage,1024,6,70.0,138823035.0
0-mul,verified-garbage,1024,7,80.0,157168126.0
0-mul,verified-garbage,1024,8,90.0,179098143.0
0-mul,verified-garbage,1024,9,100.0,197398890.0
0-mul,verified-garbage,16384,0,1.0,33927324.0
0-mul,verified-garbage,16384,1,2.0,70807419.0
0-mul,verified-garbage,16384,2,3.0,106474392.0
0-mul,verified-garbage,16384,3,4.0,136503970.0
0-mul,verified-garbage,16384,4,5.0,176635707.0
0-mul,verified-garbage,16384,5,6.0,210581849.0
0-mul,verified-garbage,16384,6,7.0,236702223.0
0-mul,verified-garbage,16384,7,8.0,284625767.0
0-mul,verified-garbage,16384,8,9.0,312828055.0
0-mul,verified-garbage,16384,9,10.0,352680210.0
0-simd,openssl,1024,0,9.0,21956148.0
0-simd,openssl,1024,1,18.0,39329330.0
0-simd,openssl,1024,2,27.0,59941644.0
0-simd,openssl,1024,3,36.0,81599741.0
0-simd,openssl,1024,4,45.0,103230129.0
0-simd,openssl,1024,5,54.0,127064180.0
0-simd,openssl,1024,6,63.0,149432807.0
0-simd,openssl,1024,7,72.0,166213924.0
0-simd,openssl,1024,8,81.0,185477116.0
0-simd,openssl,1024,9,90.0,208940139.0
0-simd,openssl,16384,0,3.0,117820657.0
0-simd,openssl,16384,1,3.0,117663750.0
0-simd,openssl,16384,2,3.0,113408177.0
0-simd,openssl,16384,3,3.0,117622329.0
0-simd,openssl,16384,4,3.0,114000842.0
0-simd,openssl,16384,5,3.0,113732556.0
0-simd,openssl,16384,6,3.0,113903167.0
0-simd,openssl,16384,7,3.0,114622280.0
0-simd,openssl,16384,8,3.0,116167701.0
0-simd,openssl,16384,9,3.0,114122872.0
0-simd,verified-garbage,1024,0,10.0,19073227.0
0-simd,verified-garbage,1024,1,20.0,37354093.0
0-simd,verified-garbage,1024,2,30.0,55825140.0
0-simd,verified-garbage,1024,3,40.0,76048165.0
0-simd,verified-garbage,1024,4,50.0,94249675.0
0-simd,verified-garbage,1024,5,60.0,114696390.0
0-simd,verified-garbage,1024,6,70.0,135284243.0
0-simd,verified-garbage,1024,7,80.0,152265401.0
0-simd,verified-garbage,1024,8,90.0,175898661.0
0-simd,verified-garbage,1024,9,100.0,193614935.0
0-simd,verified-garbage,16384,0,1.0,32598922.0
0-simd,verified-garbage,16384,1,2.0,65261108.0
0-simd,verified-garbage,16384,2,3.0,93849278.0
0-simd,verified-garbage,16384,3,4.0,135432820.0
0-simd,verified-garbage,16384,4,5.0,163896684.0
0-simd,verified-garbage,16384,5,6.0,200706112.0
0-simd,verified-garbage,16384,6,7.0,226307772.0
0-simd,verified-garbage,16384,7,8.0,257933148.0
0-simd,verified-garbage,16384,8,9.0,294642159.0
0-simd,verified-garbage,16384,9,10.0,323328533.0
1-mul,openssl,1024,0,9.0,20076235.0
1-mul,openssl,1024,1,18.0,38386683.0
1-mul,openssl,1024,2,27.0,59374115.0
1-mul,openssl,1024,3,36.0,77896986.0
1-mul,openssl,1024,4,45.0,96397745.0
1-mul,openssl,1024,5,54.0,118619930.0
1-mul,openssl,1024,6,63.0,138335852.0
1-mul,openssl,1024,7,72.0,155492027.0
1-mul,openssl,1024,8,81.0,181125668.0
1-mul,openssl,1024,9,90.0,238159861.0
1-mul,openssl,16384,0,3.0,125363401.0
1-mul,openssl,16384,1,3.0,117308758.0
1-mul,openssl,16384,2,3.0,118226508.0
1-mul,openssl,16384,3,3.0,123534712.0
1-mul,openssl,16384,4,3.0,128107379.0
1-mul,openssl,16384,5,3.0,149071335.0
1-mul,openssl,16384,6,3.0,127127221.0
1-mul,openssl,16384,7,3.0,138782903.0
1-mul,openssl,16384,8,3.0,135234813.0
1-mul,openssl,16384,9,3.0,141177915.0
1-mul,verified-garbage,1024,0,10.0,18698030.0
1-mul,verified-garbage,1024,1,20.0,37938422.0
1-mul,verified-garbage,1024,2,30.0,56878328.0
1-mul,verified-garbage,1024,3,40.0,76027466.0
1-mul,verified-garbage,1024,4,50.0,95618624.0
1-mul,verified-garbage,1024,5,60.0,117707201.0
1-mul,verified-garbage,1024,6,70.0,133068244.0
1-mul,verified-garbage,1024,7,80.0,156776632.0
1-mul,verified-garbage,1024,8,90.0,169977616.0
1-mul,verified-garbage,1024,9,100.0,187797850.0
1-mul,verified-garbage,16384,0,3.0,112933773.0
1-mul,verified-garbage,16384,1,3.0,116190802.0
1-mul,verified-garbage,16384,2,3.0,114546890.0
1-mul,verified-garbage,16384,3,3.0,133347166.0
1-mul,verified-garbage,16384,4,3.0,146768114.0
1-mul,verified-garbage,16384,5,3.0,137888181.0
1-mul,verified-garbage,16384,6,3.0,115922045.0
1-mul,verified-garbage,16384,7,3.0,112907755.0
1-mul,verified-garbage,16384,8,3.0,129283135.0
1-mul,verified-garbage,16384,9,3.0,119741606.0
1-simd,openssl,1024,0,8.0,17633179.0
1-simd,openssl,1024,1,16.0,36335195.0
1-simd,openssl,1024,2,24.0,52945231.0
1-simd,openssl,1024,3,32.0,75593345.0
1-simd,openssl,1024,4,40.0,89877642.0
1-simd,openssl,1024,5,48.0,114383504.0
1-simd,openssl,1024,6,56.0,128538906.0
1-simd,openssl,1024,7,64.0,145460824.0
1-simd,openssl,1024,8,72.0,164509682.0
1-simd,openssl,1024,9,80.0,186897121.0
1-simd,openssl,16384,0,3.0,113949951.0
1-simd,openssl,16384,1,3.0,111534795.0
1-simd,openssl,16384,2,3.0,113867219.0
1-simd,openssl,16384,3,3.0,112608990.0
1-simd,openssl,16384,4,3.0,112511156.0
1-simd,openssl,16384,5,3.0,114092261.0
1-simd,openssl,16384,6,3.0,112110284.0
1-simd,openssl,16384,7,3.0,110635988.0
1-simd,openssl,16384,8,3.0,115751941.0
1-simd,openssl,16384,9,3.0,129478629.0
1-simd,verified-garbage,1024,0,11.0,19505773.0
1-simd,verified-garbage,1024,1,22.0,39292140.0
1-simd,verified-garbage,1024,2,33.0,57980286.0
1-simd,verified-garbage,1024,3,44.0,84788908.0
1-simd,verified-garbage,1024,4,55.0,101115872.0
1-simd,verified-garbage,1024,5,66.0,121964559.0
1-simd,verified-garbage,1024,6,77.0,140839290.0
1-simd,verified-garbage,1024,7,88.0,159246832.0
1-simd,verified-garbage,1024,8,99.0,179311120.0
1-simd,verified-garbage,1024,9,110.0,202554907.0
1-simd,verified-garbage,16384,0,1.0,31778545.0
1-simd,verified-garbage,16384,1,2.0,62597024.0
1-simd,verified-garbage,16384,2,3.0,97354609.0
1-simd,verified-garbage,16384,3,4.0,133983756.0
1-simd,verified-garbage,16384,4,5.0,166652196.0
1-simd,verified-garbage,16384,5,6.0,197814763.0
1-simd,verified-garbage,16384,6,7.0,231167022.0
1-simd,verified-garbage,16384,7,8.0,265850881.0
1-simd,verified-garbage,16384,8,9.0,292136148.0
1-simd,verified-garbage,16384,9,10.0,318042440.0
2-mul,openssl,1024,0,9.0,20628251.0
2-mul,openssl,1024,1,18.0,39688727.0
2-mul,openssl,1024,2,27.0,57463995.0
2-mul,openssl,1024,3,36.0,76360389.0
2-mul,openssl,1024,4,45.0,95776179.0
2-mul,openssl,1024,5,54.0,114883764.0
2-mul,openssl,1024,6,63.0,136346839.0
2-mul,openssl,1024,7,72.0,152881807.0
2-mul,openssl,1024,8,81.0,173619028.0
2-mul,openssl,1024,9,90.0,194433107.0
2-mul,openssl,16384,0,3.0,116284945.0
2-mul,openssl,16384,1,3.0,111720724.0
2-mul,openssl,16384,2,3.0,112305252.0
2-mul,openssl,16384,3,3.0,110524588.0
2-mul,openssl,16384,4,3.0,113485140.0
2-mul,openssl,16384,5,3.0,110097207.0
2-mul,openssl,16384,6,3.0,112074487.0
2-mul,openssl,16384,7,3.0,109993153.0
2-mul,openssl,16384,8,3.0,111912207.0
2-mul,openssl,16384,9,3.0,112704297.0
2-mul,verified-garbage,1024,0,10.0,19943960.0
2-mul,verified-garbage,1024,1,20.0,37515618.0
2-mul,verified-garbage,1024,2,30.0,59141241.0
2-mul,verified-garbage,1024,3,40.0,77754798.0
2-mul,verified-garbage,1024,4,50.0,95875826.0
2-mul,verified-garbage,1024,5,60.0,116481093.0
2-mul,verified-garbage,1024,6,70.0,135489683.0
2-mul,verified-garbage,1024,7,80.0,154537550.0
2-mul,verified-garbage,1024,8,90.0,168269657.0
2-mul,verified-garbage,1024,9,100.0,184638589.0
2-mul,verified-garbage,16384,0,1.0,35465744.0
2-mul,verified-garbage,16384,1,2.0,68107016.0
2-mul,verified-garbage,16384,2,3.0,102058503.0
2-mul,verified-garbage,16384,3,4.0,139996908.0
2-mul,verified-garbage,16384,4,5.0,179266170.0
2-mul,verified-garbage,16384,5,6.0,212619793.0
2-mul,verified-garbage,16384,6,7.0,238050306.0
2-mul,verified-garbage,16384,7,8.0,266379969.0
2-mul,verified-garbage,16384,8,9.0,309464836.0
2-mul,verified-garbage,16384,9,10.0,344604848.0
2-simd,openssl,1024,0,9.0,19403023.0
2-simd,openssl,1024,1,18.0,38882799.0
2-simd,openssl,1024,2,27.0,63492110.0
2-simd,openssl,1024,3,36.0,82658465.0
2-simd,openssl,1024,4,45.0,102683055.0
2-simd,openssl,1024,5,54.0,130942376.0
2-simd,openssl,1024,6,63.0,141290837.0
2-simd,openssl,1024,7,72.0,161321167.0
2-simd,openssl,1024,8,81.0,185057459.0
2-simd,openssl,1024,9,90.0,205324939.0
2-simd,openssl,16384,0,3.0,117475310.0
2-simd,openssl,16384,1,3.0,117901650.0
2-simd,openssl,16384,2,3.0,116913100.0
2-simd,openssl,16384,3,3.0,116765752.0
2-simd,openssl,16384,4,3.0,112962127.0
2-simd,openssl,16384,5,3.0,113462165.0
2-simd,openssl,16384,6,3.0,114443714.0
2-simd,openssl,16384,7,3.0,116448063.0
2-simd,openssl,16384,8,3.0,114906257.0
2-simd,openssl,16384,9,3.0,113535793.0
2-simd,verified-garbage,1024,0,10.0,18112255.0
2-simd,verified-garbage,1024,1,20.0,39432317.0
2-simd,verified-garbage,1024,2,30.0,54318198.0
2-simd,verified-garbage,1024,3,40.0,78592964.0
2-simd,verified-garbage,1024,4,50.0,97956757.0
2-simd,verified-garbage,1024,5,60.0,115149425.0
2-simd,verified-garbage,1024,6,70.0,129278017.0
2-simd,verified-garbage,1024,7,80.0,155930284.0
2-simd,verified-garbage,1024,8,90.0,167448361.0
2-simd,verified-garbage,1024,9,100.0,188190230.0
2-simd,verified-garbage,16384,0,1.0,33192736.0
2-simd,verified-garbage,16384,1,2.0,66364483.0
2-simd,verified-garbage,16384,2,3.0,96672609.0
2-simd,verified-garbage,16384,3,4.0,130614902.0
2-simd,verified-garbage,16384,4,5.0,164371322.0
2-simd,verified-garbage,16384,5,6.0,199279301.0
2-simd,verified-garbage,16384,6,7.0,223385720.0
2-simd,verified-garbage,16384,7,8.0,262004128.0
2-simd,verified-garbage,16384,8,9.0,283483618.0
2-simd,verified-garbage,16384,9,10.0,319503689.0
