round,variant,library,N,mean_ns,median_ns,mean_ci_low,mean_ci_high
0,mul,verified-garbage,1024,1976629.6034285713,1982084.3571428573,1966042.419857143,1985449.2319648813
0,mul,verified-garbage,16384,34879212.41718254,35182497.91666667,34465569.547619045,35256624.998333335
0,mul,openssl,1024,2276408.3012450403,2283040.034722222,2247728.1739880955,2304733.531279762
0,mul,openssl,16384,38440695.300000004,38553776.166666664,37890906.14333333,39038095.266666666
0,simd,verified-garbage,1024,1906019.794702381,1905320.10625,1888690.7067812497,1923425.9894047617
0,simd,verified-garbage,16384,32624332.531428568,32614738.0,32216848.64979762,33033410.65247619
0,simd,openssl,1024,2305017.2453880073,2301264.7944444446,2262123.877548501,2348841.494029541
0,simd,openssl,16384,38435477.7,38124192.0,38095805.2,38804875.63333333
1,simd,verified-garbage,1024,1822101.2177200578,1820152.5613275613,1795722.2043506491,1851917.8209090908
1,simd,verified-garbage,16384,32584313.511071432,32714349.583333336,32130221.266666662,33009032.017738093
1,simd,openssl,1024,2286260.479117063,2278841.034722222,2251255.7797834827,2322207.5742063494
1,simd,openssl,16384,38218040.46666666,37746034.83333333,37445805.86666667,39423315.995000005
1,mul,verified-garbage,1024,1906481.5672063492,1898803.875,1889785.34403373,1925989.4598916664
1,mul,verified-garbage,16384,41317648.9,39322068.0,39095340.2525,43802563.33416667
1,mul,openssl,1024,2230272.8918738975,2196236.2724867724,2168009.104497355,2330486.795135031
1,mul,openssl,16384,43464498.16666667,42539100.0,41510243.30166667,45558550.7
2,simd,verified-garbage,1024,1897496.1282063494,1900529.6916666667,1859922.87975,1934110.0769511904
2,simd,verified-garbage,16384,32545169.762539677,32702120.75,32178925.656146824,32891317.30306349
2,simd,openssl,1024,2271971.118884479,2281616.938888889,2225561.0456746034,2320116.303815035
2,simd,openssl,16384,38493797.7,38559053.33333333,38134637.41749999,38847284.96666667
2,mul,verified-garbage,1024,1922762.4640555556,1933643.1375,1895089.1206472223,1949347.879
2,mul,verified-garbage,16384,34597799.544087306,34422733.28888889,34129634.029563494,35076136.68
2,mul,openssl,1024,2159361.8454805994,2135902.161728395,2133157.9816018515,2194744.606944444
2,mul,openssl,16384,37370066.66666667,37331115.66666667,37038030.52,37764113.82666667
